"id","name","created_at","created_by","updated_at","updated_by"
1,"東山","2026-01-17 06:22:19.019469+00",1,"2026-01-17 06:22:19.019469+00",1
2,"北山","2026-01-17 06:22:19.019469+00",1,"2026-01-17 06:22:19.019469+00",1
3,"西山","2026-01-17 06:22:19.019469+00",1,"2026-01-17 06:22:19.019469+00",1
4,"中山","2026-01-17 06:22:19.019469+00",1,"2026-01-17 06:22:19.019469+00",1
5,"----","2026-01-17 06:22:19.019469+00",1,"2026-01-17 06:22:19.019469+00",1
6,"藤之迎","2026-01-20 12:22:28.563958+00",1,"2026-01-20 12:22:28.563958+00",1
7,"九郎右衛門","2026-01-20 12:22:28.563958+00",1,"2026-01-20 12:22:28.563958+00",1
8,"竹之本甲","2026-01-20 12:22:28.563958+00",1,"2026-01-20 12:22:28.563958+00",1
9,"竹之本乙","2026-01-20 12:22:28.563958+00",1,"2026-01-20 12:22:28.563958+00",1
10,"竹之本","2026-01-20 12:22:28.563958+00",1,"2026-01-20 12:22:28.563958+00",1
11,"森垣内","2026-01-20 12:22:28.563958+00",1,"2026-01-20 12:22:28.563958+00",1
12,"竹之花","2026-01-20 12:22:28.563958+00",1,"2026-01-20 12:22:28.563958+00",1
13,"久古","2026-01-20 12:22:28.563958+00",1,"2026-01-20 12:22:28.563958+00",1
