"id","role","field_id","person_id","valid_from","valid_to","note","created_at","created_by","updated_at","updated_by"
1,1,1,16,"1900-01-01",NULL,"","2026-01-19 08:29:16.92376+00",1,"2026-01-19 08:29:16.92376+00",1
2,2,1,16,"1900-01-01",NULL,"","2026-01-19 08:29:16.92376+00",1,"2026-01-19 08:29:16.92376+00",1
3,1,2,16,"1900-01-01",NULL,"","2026-01-19 08:29:16.92376+00",1,"2026-01-19 08:29:16.92376+00",1
4,2,2,16,"1900-01-01",NULL,"","2026-01-19 08:29:16.92376+00",1,"2026-01-19 08:29:16.92376+00",1
5,1,3,16,"1900-01-01",NULL,"","2026-01-19 08:29:16.92376+00",1,"2026-01-19 08:29:16.92376+00",1
6,2,3,16,"1900-01-01",NULL,"","2026-01-19 08:29:16.92376+00",1,"2026-01-19 08:29:16.92376+00",1
7,1,4,16,"1900-01-01",NULL,"","2026-01-19 08:29:16.92376+00",1,"2026-01-19 08:29:16.92376+00",1
8,2,4,16,"1900-01-01",NULL,"","2026-01-19 08:29:16.92376+00",1,"2026-01-19 08:29:16.92376+00",1
9,1,5,16,"1900-01-01",NULL,"","2026-01-19 08:29:16.92376+00",1,"2026-01-19 08:29:16.92376+00",1
10,2,5,16,"1900-01-01",NULL,"","2026-01-19 08:29:16.92376+00",1,"2026-01-19 08:29:16.92376+00",1
11,1,6,16,"1900-01-01",NULL,"","2026-01-19 08:29:16.92376+00",1,"2026-01-19 08:29:16.92376+00",1
12,2,6,16,"1900-01-01",NULL,"","2026-01-19 08:29:16.92376+00",1,"2026-01-19 08:29:16.92376+00",1
13,1,7,16,"1900-01-01",NULL,"","2026-01-19 08:29:16.92376+00",1,"2026-01-19 08:29:16.92376+00",1
14,2,7,16,"1900-01-01",NULL,"","2026-01-19 08:29:16.92376+00",1,"2026-01-19 08:29:16.92376+00",1
15,1,8,16,"1900-01-01",NULL,"","2026-01-19 08:29:16.92376+00",1,"2026-01-19 08:29:16.92376+00",1
16,2,8,16,"1900-01-01",NULL,"","2026-01-19 08:29:16.92376+00",1,"2026-01-19 08:29:16.92376+00",1
17,1,9,16,"1900-01-01",NULL,"","2026-01-19 08:29:16.92376+00",1,"2026-01-19 08:29:16.92376+00",1
18,2,9,16,"1900-01-01",NULL,"","2026-01-19 08:29:16.92376+00",1,"2026-01-19 08:29:16.92376+00",1
19,1,10,16,"1900-01-01",NULL,"","2026-01-19 08:29:16.92376+00",1,"2026-01-19 08:29:16.92376+00",1
20,2,10,16,"1900-01-01",NULL,"","2026-01-19 08:29:16.92376+00",1,"2026-01-19 08:29:16.92376+00",1
21,1,11,16,"1900-01-01",NULL,"","2026-01-19 08:29:16.92376+00",1,"2026-01-19 08:29:16.92376+00",1
22,2,11,16,"1900-01-01",NULL,"","2026-01-19 08:29:16.92376+00",1,"2026-01-19 08:29:16.92376+00",1
23,1,12,16,"1900-01-01",NULL,"","2026-01-19 08:29:16.92376+00",1,"2026-01-19 08:29:16.92376+00",1
24,2,12,16,"1900-01-01",NULL,"","2026-01-19 08:29:16.92376+00",1,"2026-01-19 08:29:16.92376+00",1
25,1,13,35,"1900-01-01",NULL,"","2026-01-19 08:29:16.92376+00",1,"2026-01-19 08:29:16.92376+00",1
26,2,13,35,"1900-01-01",NULL,"","2026-01-19 08:29:16.92376+00",1,"2026-01-19 08:29:16.92376+00",1
27,1,15,48,"1900-01-01",NULL,"","2026-01-19 08:29:16.92376+00",1,"2026-01-19 08:29:16.92376+00",1
28,2,15,48,"1900-01-01",NULL,"","2026-01-19 08:29:16.92376+00",1,"2026-01-19 08:29:16.92376+00",1
29,1,16,48,"1900-01-01",NULL,"","2026-01-19 08:29:16.92376+00",1,"2026-01-19 08:29:16.92376+00",1
30,2,16,48,"1900-01-01",NULL,"","2026-01-19 08:29:16.92376+00",1,"2026-01-19 08:29:16.92376+00",1
31,1,18,16,"1900-01-01",NULL,"","2026-01-19 08:29:16.92376+00",1,"2026-01-19 08:29:16.92376+00",1
32,2,18,16,"1900-01-01",NULL,"","2026-01-19 08:29:16.92376+00",1,"2026-01-19 08:29:16.92376+00",1
33,1,19,16,"1900-01-01",NULL,"","2026-01-19 08:29:16.92376+00",1,"2026-01-19 08:29:16.92376+00",1
34,2,19,16,"1900-01-01",NULL,"","2026-01-19 08:29:16.92376+00",1,"2026-01-19 08:29:16.92376+00",1
35,1,20,48,"1900-01-01",NULL,"","2026-01-19 08:29:16.92376+00",1,"2026-01-19 08:29:16.92376+00",1
36,2,20,48,"1900-01-01",NULL,"","2026-01-19 08:29:16.92376+00",1,"2026-01-19 08:29:16.92376+00",1
37,1,21,48,"1900-01-01",NULL,"","2026-01-19 08:29:16.92376+00",1,"2026-01-19 08:29:16.92376+00",1
38,2,21,48,"1900-01-01",NULL,"","2026-01-19 08:29:16.92376+00",1,"2026-01-19 08:29:16.92376+00",1
39,1,22,48,"1900-01-01",NULL,"","2026-01-19 08:29:16.92376+00",1,"2026-01-19 08:29:16.92376+00",1
40,2,22,48,"1900-01-01",NULL,"","2026-01-19 08:29:16.92376+00",1,"2026-01-19 08:29:16.92376+00",1
41,1,24,16,"1900-01-01",NULL,"","2026-01-19 08:29:16.92376+00",1,"2026-01-19 08:29:16.92376+00",1
42,2,24,16,"1900-01-01",NULL,"","2026-01-19 08:29:16.92376+00",1,"2026-01-19 08:29:16.92376+00",1
43,1,25,32,"1900-01-01",NULL,"","2026-01-19 08:29:16.92376+00",1,"2026-01-19 08:29:16.92376+00",1
44,2,25,32,"1900-01-01",NULL,"","2026-01-19 08:29:16.92376+00",1,"2026-01-19 08:29:16.92376+00",1
45,1,26,40,"1900-01-01",NULL,"","2026-01-19 08:29:16.92376+00",1,"2026-01-19 08:29:16.92376+00",1
46,2,26,40,"1900-01-01",NULL,"","2026-01-19 08:29:16.92376+00",1,"2026-01-19 08:29:16.92376+00",1
47,1,27,40,"1900-01-01",NULL,"","2026-01-19 08:29:16.92376+00",1,"2026-01-19 08:29:16.92376+00",1
48,2,27,40,"1900-01-01",NULL,"","2026-01-19 08:29:16.92376+00",1,"2026-01-19 08:29:16.92376+00",1
49,1,28,16,"1900-01-01",NULL,"","2026-01-19 08:29:16.92376+00",1,"2026-01-19 08:29:16.92376+00",1
50,2,28,16,"1900-01-01",NULL,"","2026-01-19 08:29:16.92376+00",1,"2026-01-19 08:29:16.92376+00",1
51,1,30,49,"1900-01-01",NULL,"","2026-01-19 08:29:16.92376+00",1,"2026-01-19 08:29:16.92376+00",1
52,2,30,49,"1900-01-01",NULL,"","2026-01-19 08:29:16.92376+00",1,"2026-01-19 08:29:16.92376+00",1
53,1,31,16,"1900-01-01",NULL,"","2026-01-19 08:29:16.92376+00",1,"2026-01-19 08:29:16.92376+00",1
54,2,31,16,"1900-01-01",NULL,"","2026-01-19 08:29:16.92376+00",1,"2026-01-19 08:29:16.92376+00",1
55,1,32,40,"1900-01-01",NULL,"","2026-01-19 08:29:16.92376+00",1,"2026-01-19 08:29:16.92376+00",1
56,2,32,40,"1900-01-01",NULL,"","2026-01-19 08:29:16.92376+00",1,"2026-01-19 08:29:16.92376+00",1
57,1,33,40,"1900-01-01",NULL,"","2026-01-19 08:29:16.92376+00",1,"2026-01-19 08:29:16.92376+00",1
58,2,33,40,"1900-01-01",NULL,"","2026-01-19 08:29:16.92376+00",1,"2026-01-19 08:29:16.92376+00",1
59,1,34,48,"1900-01-01",NULL,"","2026-01-19 08:29:16.92376+00",1,"2026-01-19 08:29:16.92376+00",1
60,2,34,48,"1900-01-01",NULL,"","2026-01-19 08:29:16.92376+00",1,"2026-01-19 08:29:16.92376+00",1
61,1,36,40,"1900-01-01",NULL,"","2026-01-19 08:29:16.92376+00",1,"2026-01-19 08:29:16.92376+00",1
62,2,36,40,"1900-01-01",NULL,"","2026-01-19 08:29:16.92376+00",1,"2026-01-19 08:29:16.92376+00",1
63,1,39,40,"1900-01-01",NULL,"","2026-01-19 08:29:16.92376+00",1,"2026-01-19 08:29:16.92376+00",1
64,2,39,40,"1900-01-01",NULL,"","2026-01-19 08:29:16.92376+00",1,"2026-01-19 08:29:16.92376+00",1
65,1,42,40,"1900-01-01",NULL,"","2026-01-19 08:29:16.92376+00",1,"2026-01-19 08:29:16.92376+00",1
66,2,42,40,"1900-01-01",NULL,"","2026-01-19 08:29:16.92376+00",1,"2026-01-19 08:29:16.92376+00",1
67,1,46,49,"1900-01-01",NULL,"","2026-01-19 08:29:16.92376+00",1,"2026-01-19 08:29:16.92376+00",1
68,2,46,49,"1900-01-01",NULL,"","2026-01-19 08:29:16.92376+00",1,"2026-01-19 08:29:16.92376+00",1
69,1,47,41,"1900-01-01",NULL,"","2026-01-19 08:29:16.92376+00",1,"2026-01-19 08:29:16.92376+00",1
70,2,47,41,"1900-01-01",NULL,"","2026-01-19 08:29:16.92376+00",1,"2026-01-19 08:29:16.92376+00",1
71,1,49,40,"1900-01-01",NULL,"","2026-01-19 08:29:16.92376+00",1,"2026-01-19 08:29:16.92376+00",1
72,2,49,40,"1900-01-01",NULL,"","2026-01-19 08:29:16.92376+00",1,"2026-01-19 08:29:16.92376+00",1
73,1,50,14,"1900-01-01",NULL,"","2026-01-19 08:29:16.92376+00",1,"2026-01-19 08:29:16.92376+00",1
74,2,50,14,"1900-01-01",NULL,"","2026-01-19 08:29:16.92376+00",1,"2026-01-19 08:29:16.92376+00",1
75,1,51,48,"1900-01-01",NULL,"","2026-01-19 08:29:16.92376+00",1,"2026-01-19 08:29:16.92376+00",1
76,2,51,48,"1900-01-01",NULL,"","2026-01-19 08:29:16.92376+00",1,"2026-01-19 08:29:16.92376+00",1
77,1,52,41,"1900-01-01",NULL,"","2026-01-19 08:29:16.92376+00",1,"2026-01-19 08:29:16.92376+00",1
78,2,52,41,"1900-01-01",NULL,"","2026-01-19 08:29:16.92376+00",1,"2026-01-19 08:29:16.92376+00",1
79,1,53,41,"1900-01-01",NULL,"","2026-01-19 08:29:16.92376+00",1,"2026-01-19 08:29:16.92376+00",1
80,2,53,41,"1900-01-01",NULL,"","2026-01-19 08:29:16.92376+00",1,"2026-01-19 08:29:16.92376+00",1
81,1,54,41,"1900-01-01",NULL,"","2026-01-19 08:29:16.92376+00",1,"2026-01-19 08:29:16.92376+00",1
82,2,54,41,"1900-01-01",NULL,"","2026-01-19 08:29:16.92376+00",1,"2026-01-19 08:29:16.92376+00",1
83,1,55,48,"1900-01-01",NULL,"","2026-01-19 08:29:16.92376+00",1,"2026-01-19 08:29:16.92376+00",1
84,2,55,48,"1900-01-01",NULL,"","2026-01-19 08:29:16.92376+00",1,"2026-01-19 08:29:16.92376+00",1
85,1,56,49,"1900-01-01",NULL,"","2026-01-19 08:29:16.92376+00",1,"2026-01-19 08:29:16.92376+00",1
86,2,56,49,"1900-01-01",NULL,"","2026-01-19 08:29:16.92376+00",1,"2026-01-19 08:29:16.92376+00",1
87,1,57,48,"1900-01-01",NULL,"","2026-01-19 08:29:16.92376+00",1,"2026-01-19 08:29:16.92376+00",1
88,2,57,48,"1900-01-01",NULL,"","2026-01-19 08:29:16.92376+00",1,"2026-01-19 08:29:16.92376+00",1
89,1,58,14,"1900-01-01",NULL,"","2026-01-19 08:29:16.92376+00",1,"2026-01-19 08:29:16.92376+00",1
90,2,58,14,"1900-01-01",NULL,"","2026-01-19 08:29:16.92376+00",1,"2026-01-19 08:29:16.92376+00",1
91,1,59,41,"1900-01-01",NULL,"","2026-01-19 08:29:16.92376+00",1,"2026-01-19 08:29:16.92376+00",1
92,2,59,41,"1900-01-01",NULL,"","2026-01-19 08:29:16.92376+00",1,"2026-01-19 08:29:16.92376+00",1
93,1,61,48,"1900-01-01",NULL,"","2026-01-19 08:29:16.92376+00",1,"2026-01-19 08:29:16.92376+00",1
94,2,61,48,"1900-01-01",NULL,"","2026-01-19 08:29:16.92376+00",1,"2026-01-19 08:29:16.92376+00",1
95,1,62,48,"1900-01-01",NULL,"","2026-01-19 08:29:16.92376+00",1,"2026-01-19 08:29:16.92376+00",1
96,2,62,48,"1900-01-01",NULL,"","2026-01-19 08:29:16.92376+00",1,"2026-01-19 08:29:16.92376+00",1
97,1,63,49,"1900-01-01",NULL,"","2026-01-19 08:29:16.92376+00",1,"2026-01-19 08:29:16.92376+00",1
98,2,63,49,"1900-01-01",NULL,"","2026-01-19 08:29:16.92376+00",1,"2026-01-19 08:29:16.92376+00",1
99,1,64,49,"1900-01-01",NULL,"","2026-01-19 08:29:16.92376+00",1,"2026-01-19 08:29:16.92376+00",1
100,2,64,49,"1900-01-01",NULL,"","2026-01-19 08:29:16.92376+00",1,"2026-01-19 08:29:16.92376+00",1
101,1,65,48,"1900-01-01",NULL,"","2026-01-19 08:29:16.92376+00",1,"2026-01-19 08:29:16.92376+00",1
102,2,65,48,"1900-01-01",NULL,"","2026-01-19 08:29:16.92376+00",1,"2026-01-19 08:29:16.92376+00",1
103,1,67,41,"1900-01-01",NULL,"","2026-01-19 08:29:16.92376+00",1,"2026-01-19 08:29:16.92376+00",1
104,2,67,41,"1900-01-01",NULL,"","2026-01-19 08:29:16.92376+00",1,"2026-01-19 08:29:16.92376+00",1
105,1,68,48,"1900-01-01",NULL,"","2026-01-19 08:29:16.92376+00",1,"2026-01-19 08:29:16.92376+00",1
106,2,68,48,"1900-01-01",NULL,"","2026-01-19 08:29:16.92376+00",1,"2026-01-19 08:29:16.92376+00",1
107,1,69,48,"1900-01-01",NULL,"","2026-01-19 08:29:16.92376+00",1,"2026-01-19 08:29:16.92376+00",1
108,2,69,48,"1900-01-01",NULL,"","2026-01-19 08:29:16.92376+00",1,"2026-01-19 08:29:16.92376+00",1
109,1,70,48,"1900-01-01",NULL,"","2026-01-19 08:29:16.92376+00",1,"2026-01-19 08:29:16.92376+00",1
110,2,70,48,"1900-01-01",NULL,"","2026-01-19 08:29:16.92376+00",1,"2026-01-19 08:29:16.92376+00",1
111,1,71,40,"1900-01-01",NULL,"","2026-01-19 08:29:16.92376+00",1,"2026-01-19 08:29:16.92376+00",1
112,2,71,40,"1900-01-01",NULL,"","2026-01-19 08:29:16.92376+00",1,"2026-01-19 08:29:16.92376+00",1
113,1,72,49,"1900-01-01",NULL,"","2026-01-19 08:29:16.92376+00",1,"2026-01-19 08:29:16.92376+00",1
114,2,72,49,"1900-01-01",NULL,"","2026-01-19 08:29:16.92376+00",1,"2026-01-19 08:29:16.92376+00",1
115,1,73,49,"1900-01-01",NULL,"","2026-01-19 08:29:16.92376+00",1,"2026-01-19 08:29:16.92376+00",1
116,2,73,49,"1900-01-01",NULL,"","2026-01-19 08:29:16.92376+00",1,"2026-01-19 08:29:16.92376+00",1
117,1,74,49,"1900-01-01",NULL,"","2026-01-19 08:29:16.92376+00",1,"2026-01-19 08:29:16.92376+00",1
118,2,74,49,"1900-01-01",NULL,"","2026-01-19 08:29:16.92376+00",1,"2026-01-19 08:29:16.92376+00",1
119,1,75,49,"1900-01-01",NULL,"","2026-01-19 08:29:16.92376+00",1,"2026-01-19 08:29:16.92376+00",1
120,2,75,49,"1900-01-01",NULL,"","2026-01-19 08:29:16.92376+00",1,"2026-01-19 08:29:16.92376+00",1
121,1,76,49,"1900-01-01",NULL,"","2026-01-19 08:29:16.92376+00",1,"2026-01-19 08:29:16.92376+00",1
122,2,76,49,"1900-01-01",NULL,"","2026-01-19 08:29:16.92376+00",1,"2026-01-19 08:29:16.92376+00",1
123,1,77,49,"1900-01-01",NULL,"","2026-01-19 08:29:16.92376+00",1,"2026-01-19 08:29:16.92376+00",1
124,2,77,49,"1900-01-01",NULL,"","2026-01-19 08:29:16.92376+00",1,"2026-01-19 08:29:16.92376+00",1
125,1,78,49,"1900-01-01",NULL,"","2026-01-19 08:29:16.92376+00",1,"2026-01-19 08:29:16.92376+00",1
126,2,78,49,"1900-01-01",NULL,"","2026-01-19 08:29:16.92376+00",1,"2026-01-19 08:29:16.92376+00",1
127,1,79,49,"1900-01-01",NULL,"","2026-01-19 08:29:16.92376+00",1,"2026-01-19 08:29:16.92376+00",1
128,2,79,49,"1900-01-01",NULL,"","2026-01-19 08:29:16.92376+00",1,"2026-01-19 08:29:16.92376+00",1
129,1,80,49,"1900-01-01",NULL,"","2026-01-19 08:29:16.92376+00",1,"2026-01-19 08:29:16.92376+00",1
130,2,80,49,"1900-01-01",NULL,"","2026-01-19 08:29:16.92376+00",1,"2026-01-19 08:29:16.92376+00",1
131,1,81,40,"1900-01-01",NULL,"","2026-01-19 08:29:16.92376+00",1,"2026-01-19 08:29:16.92376+00",1
132,2,81,40,"1900-01-01",NULL,"","2026-01-19 08:29:16.92376+00",1,"2026-01-19 08:29:16.92376+00",1
133,1,82,49,"1900-01-01",NULL,"","2026-01-19 08:29:16.92376+00",1,"2026-01-19 08:29:16.92376+00",1
134,2,82,49,"1900-01-01",NULL,"","2026-01-19 08:29:16.92376+00",1,"2026-01-19 08:29:16.92376+00",1
135,1,83,49,"1900-01-01",NULL,"","2026-01-19 08:29:16.92376+00",1,"2026-01-19 08:29:16.92376+00",1
136,2,83,49,"1900-01-01",NULL,"","2026-01-19 08:29:16.92376+00",1,"2026-01-19 08:29:16.92376+00",1
137,1,84,40,"1900-01-01",NULL,"","2026-01-19 08:29:16.92376+00",1,"2026-01-19 08:29:16.92376+00",1
138,2,84,40,"1900-01-01",NULL,"","2026-01-19 08:29:16.92376+00",1,"2026-01-19 08:29:16.92376+00",1
139,1,85,40,"1900-01-01",NULL,"","2026-01-19 08:29:16.92376+00",1,"2026-01-19 08:29:16.92376+00",1
140,2,85,40,"1900-01-01",NULL,"","2026-01-19 08:29:16.92376+00",1,"2026-01-19 08:29:16.92376+00",1
141,1,86,40,"1900-01-01",NULL,"","2026-01-19 08:29:16.92376+00",1,"2026-01-19 08:29:16.92376+00",1
142,2,86,40,"1900-01-01",NULL,"","2026-01-19 08:29:16.92376+00",1,"2026-01-19 08:29:16.92376+00",1
143,1,87,40,"1900-01-01",NULL,"","2026-01-19 08:29:16.92376+00",1,"2026-01-19 08:29:16.92376+00",1
144,2,87,40,"1900-01-01",NULL,"","2026-01-19 08:29:16.92376+00",1,"2026-01-19 08:29:16.92376+00",1
145,1,88,29,"1900-01-01",NULL,"","2026-01-19 08:29:16.92376+00",1,"2026-01-19 08:29:16.92376+00",1
146,2,88,29,"1900-01-01",NULL,"","2026-01-19 08:29:16.92376+00",1,"2026-01-19 08:29:16.92376+00",1
147,1,90,29,"1900-01-01",NULL,"","2026-01-19 08:29:16.92376+00",1,"2026-01-19 08:29:16.92376+00",1
148,2,90,29,"1900-01-01",NULL,"","2026-01-19 08:29:16.92376+00",1,"2026-01-19 08:29:16.92376+00",1
149,1,91,62,"1900-01-01",NULL,"","2026-01-19 08:29:16.92376+00",1,"2026-01-19 08:29:16.92376+00",1
150,2,91,52,"1900-01-01",NULL,"","2026-01-19 08:29:16.92376+00",1,"2026-01-19 08:29:16.92376+00",1
151,1,92,40,"1900-01-01",NULL,"","2026-01-19 08:29:16.92376+00",1,"2026-01-19 08:29:16.92376+00",1
152,2,92,40,"1900-01-01",NULL,"","2026-01-19 08:29:16.92376+00",1,"2026-01-19 08:29:16.92376+00",1
153,1,93,40,"1900-01-01",NULL,"","2026-01-19 08:29:16.92376+00",1,"2026-01-19 08:29:16.92376+00",1
154,2,93,40,"1900-01-01",NULL,"","2026-01-19 08:29:16.92376+00",1,"2026-01-19 08:29:16.92376+00",1
155,1,94,40,"1900-01-01",NULL,"","2026-01-19 08:29:16.92376+00",1,"2026-01-19 08:29:16.92376+00",1
156,2,94,40,"1900-01-01",NULL,"","2026-01-19 08:29:16.92376+00",1,"2026-01-19 08:29:16.92376+00",1
157,1,95,40,"1900-01-01",NULL,"","2026-01-19 08:29:16.92376+00",1,"2026-01-19 08:29:16.92376+00",1
158,2,95,40,"1900-01-01",NULL,"","2026-01-19 08:29:16.92376+00",1,"2026-01-19 08:29:16.92376+00",1
159,1,96,40,"1900-01-01",NULL,"","2026-01-19 08:29:16.92376+00",1,"2026-01-19 08:29:16.92376+00",1
160,2,96,40,"1900-01-01",NULL,"","2026-01-19 08:29:16.92376+00",1,"2026-01-19 08:29:16.92376+00",1
161,1,97,13,"1900-01-01",NULL,"","2026-01-19 08:29:16.92376+00",1,"2026-01-19 08:29:16.92376+00",1
162,2,97,6,"1900-01-01",NULL,"","2026-01-19 08:29:16.92376+00",1,"2026-01-19 08:29:16.92376+00",1
163,1,100,33,"1900-01-01",NULL,"","2026-01-19 08:29:16.92376+00",1,"2026-01-19 08:29:16.92376+00",1
164,2,100,33,"1900-01-01",NULL,"","2026-01-19 08:29:16.92376+00",1,"2026-01-19 08:29:16.92376+00",1
165,1,101,39,"1900-01-01",NULL,"","2026-01-19 08:29:16.92376+00",1,"2026-01-19 08:29:16.92376+00",1
166,2,101,39,"1900-01-01",NULL,"","2026-01-19 08:29:16.92376+00",1,"2026-01-19 08:29:16.92376+00",1
167,1,102,32,"1900-01-01",NULL,"","2026-01-19 08:29:16.92376+00",1,"2026-01-19 08:29:16.92376+00",1
168,2,102,6,"1900-01-01",NULL,"","2026-01-19 08:29:16.92376+00",1,"2026-01-19 13:43:10+00",2
169,1,103,39,"1900-01-01",NULL,"","2026-01-19 08:29:16.92376+00",1,"2026-01-19 08:29:16.92376+00",1
170,2,103,39,"1900-01-01",NULL,"","2026-01-19 08:29:16.92376+00",1,"2026-01-19 08:29:16.92376+00",1
171,1,104,26,"1900-01-01",NULL,"","2026-01-19 08:29:16.92376+00",1,"2026-01-19 08:29:16.92376+00",1
172,2,104,52,"1900-01-01",NULL,"","2026-01-19 08:29:16.92376+00",1,"2026-01-19 08:29:16.92376+00",1
173,1,105,32,"1900-01-01",NULL,"","2026-01-19 08:29:16.92376+00",1,"2026-01-19 08:29:16.92376+00",1
174,2,105,6,"1900-01-01",NULL,"","2026-01-19 08:29:16.92376+00",1,"2026-01-19 13:30:17+00",2
175,1,107,33,"1900-01-01",NULL,"","2026-01-19 08:29:16.92376+00",1,"2026-01-19 08:29:16.92376+00",1
176,2,107,33,"1900-01-01",NULL,"","2026-01-19 08:29:16.92376+00",1,"2026-01-19 08:29:16.92376+00",1
177,1,109,33,"1900-01-01",NULL,"","2026-01-19 08:29:16.92376+00",1,"2026-01-19 08:29:16.92376+00",1
178,2,109,33,"1900-01-01",NULL,"","2026-01-19 08:29:16.92376+00",1,"2026-01-19 08:29:16.92376+00",1
179,1,110,37,"1900-01-01",NULL,"","2026-01-19 08:29:16.92376+00",1,"2026-01-19 08:29:16.92376+00",1
180,2,110,37,"1900-01-01",NULL,"","2026-01-19 08:29:16.92376+00",1,"2026-01-19 08:29:16.92376+00",1
181,1,111,26,"1900-01-01",NULL,"","2026-01-19 08:29:16.92376+00",1,"2026-01-19 08:29:16.92376+00",1
182,2,111,52,"1900-01-01",NULL,"","2026-01-19 08:29:16.92376+00",1,"2026-01-19 08:29:16.92376+00",1
183,1,112,79,"1900-01-01",NULL,"","2026-01-19 08:29:16.92376+00",1,"2026-01-19 08:29:16.92376+00",1
184,2,112,79,"1900-01-01",NULL,"","2026-01-19 08:29:16.92376+00",1,"2026-01-19 08:29:16.92376+00",1
185,1,113,37,"1900-01-01",NULL,"","2026-01-19 08:29:16.92376+00",1,"2026-01-19 08:29:16.92376+00",1
186,2,113,37,"1900-01-01",NULL,"","2026-01-19 08:29:16.92376+00",1,"2026-01-19 08:29:16.92376+00",1
187,1,116,35,"1900-01-01",NULL,"","2026-01-19 08:29:16.92376+00",1,"2026-01-19 08:29:16.92376+00",1
188,2,116,6,"1900-01-01",NULL,"","2026-01-19 08:29:16.92376+00",1,"2026-01-19 08:29:16.92376+00",1
189,1,117,79,"1900-01-01",NULL,"","2026-01-19 08:29:16.92376+00",1,"2026-01-19 08:29:16.92376+00",1
190,2,117,79,"1900-01-01",NULL,"","2026-01-19 08:29:16.92376+00",1,"2026-01-19 08:29:16.92376+00",1
191,1,118,26,"1900-01-01",NULL,"","2026-01-19 08:29:16.92376+00",1,"2026-01-19 08:29:16.92376+00",1
192,2,118,6,"1900-01-01",NULL,"","2026-01-19 08:29:16.92376+00",1,"2026-01-19 08:29:16.92376+00",1
193,1,119,62,"1900-01-01",NULL,"","2026-01-19 08:29:16.92376+00",1,"2026-01-19 08:29:16.92376+00",1
194,2,119,62,"1900-01-01",NULL,"","2026-01-19 08:29:16.92376+00",1,"2026-01-19 08:29:16.92376+00",1
195,1,120,79,"1900-01-01",NULL,"","2026-01-19 08:29:16.92376+00",1,"2026-01-19 08:29:16.92376+00",1
196,2,120,79,"1900-01-01",NULL,"","2026-01-19 08:29:16.92376+00",1,"2026-01-19 08:29:16.92376+00",1
197,1,121,32,"1900-01-01",NULL,"","2026-01-19 08:29:16.92376+00",1,"2026-01-19 08:29:16.92376+00",1
198,2,121,32,"1900-01-01",NULL,"","2026-01-19 08:29:16.92376+00",1,"2026-01-19 08:29:16.92376+00",1
199,1,122,79,"1900-01-01",NULL,"","2026-01-19 08:29:16.92376+00",1,"2026-01-19 08:29:16.92376+00",1
200,2,122,79,"1900-01-01",NULL,"","2026-01-19 08:29:16.92376+00",1,"2026-01-19 08:29:16.92376+00",1
201,1,123,26,"1900-01-01",NULL,"","2026-01-19 08:29:16.92376+00",1,"2026-01-19 08:29:16.92376+00",1
202,1,124,35,"1900-01-01",NULL,"","2026-01-19 08:29:16.92376+00",1,"2026-01-19 08:29:16.92376+00",1
203,2,124,61,"1900-01-01",NULL,"","2026-01-19 08:29:16.92376+00",1,"2026-01-19 08:29:16.92376+00",1
204,1,125,26,"1900-01-01",NULL,"","2026-01-19 08:29:16.92376+00",1,"2026-01-19 08:29:16.92376+00",1
205,1,126,32,"1900-01-01",NULL,"","2026-01-19 08:29:16.92376+00",1,"2026-01-19 08:29:16.92376+00",1
206,2,126,32,"1900-01-01",NULL,"","2026-01-19 08:29:16.92376+00",1,"2026-01-19 08:29:16.92376+00",1
207,1,128,35,"1900-01-01",NULL,"","2026-01-19 08:29:16.92376+00",1,"2026-01-19 08:29:16.92376+00",1
208,2,128,35,"1900-01-01",NULL,"","2026-01-19 08:29:16.92376+00",1,"2026-01-19 08:29:16.92376+00",1
209,1,129,35,"1900-01-01",NULL,"","2026-01-19 08:29:16.92376+00",1,"2026-01-19 08:29:16.92376+00",1
210,2,129,61,"1900-01-01",NULL,"","2026-01-19 08:29:16.92376+00",1,"2026-01-19 08:29:16.92376+00",1
211,1,130,27,"1900-01-01",NULL,"","2026-01-19 08:29:16.92376+00",1,"2026-01-19 08:29:16.92376+00",1
212,2,130,6,"1900-01-01",NULL,"","2026-01-19 08:29:16.92376+00",1,"2026-01-19 08:29:16.92376+00",1
213,1,131,32,"1900-01-01",NULL,"","2026-01-19 08:29:16.92376+00",1,"2026-01-19 08:29:16.92376+00",1
214,2,131,32,"1900-01-01",NULL,"","2026-01-19 08:29:16.92376+00",1,"2026-01-19 08:29:16.92376+00",1
215,1,132,35,"1900-01-01",NULL,"","2026-01-19 08:29:16.92376+00",1,"2026-01-19 08:29:16.92376+00",1
216,2,132,35,"1900-01-01",NULL,"","2026-01-19 08:29:16.92376+00",1,"2026-01-19 08:29:16.92376+00",1
217,1,133,62,"1900-01-01",NULL,"","2026-01-19 08:29:16.92376+00",1,"2026-01-19 08:29:16.92376+00",1
218,2,133,62,"1900-01-01",NULL,"","2026-01-19 08:29:16.92376+00",1,"2026-01-19 08:29:16.92376+00",1
219,1,134,27,"1900-01-01",NULL,"","2026-01-19 08:29:16.92376+00",1,"2026-01-19 08:29:16.92376+00",1
220,2,134,6,"1900-01-01",NULL,"","2026-01-19 08:29:16.92376+00",1,"2026-01-19 08:29:16.92376+00",1
221,1,135,26,"1900-01-01",NULL,"","2026-01-19 08:29:16.92376+00",1,"2026-01-19 08:29:16.92376+00",1
222,1,137,14,"1900-01-01",NULL,"","2026-01-19 08:29:16.92376+00",1,"2026-01-19 08:29:16.92376+00",1
223,2,137,14,"1900-01-01",NULL,"","2026-01-19 08:29:16.92376+00",1,"2026-01-19 08:29:16.92376+00",1
224,1,138,62,"1900-01-01",NULL,"","2026-01-19 08:29:16.92376+00",1,"2026-01-19 08:29:16.92376+00",1
225,2,138,62,"1900-01-01",NULL,"","2026-01-19 08:29:16.92376+00",1,"2026-01-19 08:29:16.92376+00",1
226,1,139,32,"1900-01-01",NULL,"","2026-01-19 08:29:16.92376+00",1,"2026-01-19 08:29:16.92376+00",1
227,2,139,32,"1900-01-01",NULL,"","2026-01-19 08:29:16.92376+00",1,"2026-01-19 08:29:16.92376+00",1
228,1,142,14,"1900-01-01",NULL,"","2026-01-19 08:29:16.92376+00",1,"2026-01-19 08:29:16.92376+00",1
229,2,142,14,"1900-01-01",NULL,"","2026-01-19 08:29:16.92376+00",1,"2026-01-19 08:29:16.92376+00",1
230,1,143,35,"1900-01-01",NULL,"","2026-01-19 08:29:16.92376+00",1,"2026-01-19 08:29:16.92376+00",1
231,2,143,35,"1900-01-01",NULL,"","2026-01-19 08:29:16.92376+00",1,"2026-01-19 08:29:16.92376+00",1
232,1,144,14,"1900-01-01",NULL,"","2026-01-19 08:29:16.92376+00",1,"2026-01-19 08:29:16.92376+00",1
233,2,144,14,"1900-01-01",NULL,"","2026-01-19 08:29:16.92376+00",1,"2026-01-19 08:29:16.92376+00",1
234,1,145,32,"1900-01-01",NULL,"","2026-01-19 08:29:16.92376+00",1,"2026-01-19 08:29:16.92376+00",1
235,2,145,32,"1900-01-01",NULL,"","2026-01-19 08:29:16.92376+00",1,"2026-01-19 08:29:16.92376+00",1
236,1,146,32,"1900-01-01",NULL,"","2026-01-19 08:29:16.92376+00",1,"2026-01-19 08:29:16.92376+00",1
237,2,146,32,"1900-01-01",NULL,"","2026-01-19 08:29:16.92376+00",1,"2026-01-19 08:29:16.92376+00",1
238,1,147,62,"1900-01-01",NULL,"","2026-01-19 08:29:16.92376+00",1,"2026-01-19 08:29:16.92376+00",1
239,2,147,62,"1900-01-01",NULL,"","2026-01-19 08:29:16.92376+00",1,"2026-01-19 08:29:16.92376+00",1
240,1,149,62,"1900-01-01",NULL,"","2026-01-19 08:29:16.92376+00",1,"2026-01-19 08:29:16.92376+00",1
241,2,149,62,"1900-01-01",NULL,"","2026-01-19 08:29:16.92376+00",1,"2026-01-19 08:29:16.92376+00",1
242,1,150,62,"1900-01-01",NULL,"","2026-01-19 08:29:16.92376+00",1,"2026-01-19 08:29:16.92376+00",1
243,2,150,62,"1900-01-01",NULL,"","2026-01-19 08:29:16.92376+00",1,"2026-01-19 08:29:16.92376+00",1
244,1,151,26,"1900-01-01",NULL,"","2026-01-19 08:29:16.92376+00",1,"2026-01-19 08:29:16.92376+00",1
245,2,151,6,"1900-01-01",NULL,"","2026-01-19 08:29:16.92376+00",1,"2026-01-19 08:29:16.92376+00",1
246,1,152,35,"1900-01-01",NULL,"","2026-01-19 08:29:16.92376+00",1,"2026-01-19 08:29:16.92376+00",1
247,2,152,35,"1900-01-01",NULL,"","2026-01-19 08:29:16.92376+00",1,"2026-01-19 08:29:16.92376+00",1
248,1,153,33,"1900-01-01",NULL,"","2026-01-19 08:29:16.92376+00",1,"2026-01-19 08:29:16.92376+00",1
249,2,153,33,"1900-01-01",NULL,"","2026-01-19 08:29:16.92376+00",1,"2026-01-19 08:29:16.92376+00",1
250,1,155,62,"1900-01-01",NULL,"","2026-01-19 08:29:16.92376+00",1,"2026-01-19 08:29:16.92376+00",1
251,2,155,62,"1900-01-01",NULL,"","2026-01-19 08:29:16.92376+00",1,"2026-01-19 08:29:16.92376+00",1
252,1,156,62,"1900-01-01",NULL,"","2026-01-19 08:29:16.92376+00",1,"2026-01-19 08:29:16.92376+00",1
253,2,156,62,"1900-01-01",NULL,"","2026-01-19 08:29:16.92376+00",1,"2026-01-19 08:29:16.92376+00",1
254,1,157,35,"1900-01-01",NULL,"","2026-01-19 08:29:16.92376+00",1,"2026-01-19 08:29:16.92376+00",1
255,2,157,35,"1900-01-01",NULL,"","2026-01-19 08:29:16.92376+00",1,"2026-01-19 08:29:16.92376+00",1
256,1,158,29,"1900-01-01",NULL,"","2026-01-19 08:29:16.92376+00",1,"2026-01-19 08:29:16.92376+00",1
257,2,158,29,"1900-01-01",NULL,"","2026-01-19 08:29:16.92376+00",1,"2026-01-19 08:29:16.92376+00",1
258,1,160,33,"1900-01-01",NULL,"","2026-01-19 08:29:16.92376+00",1,"2026-01-19 08:29:16.92376+00",1
259,2,160,33,"1900-01-01",NULL,"","2026-01-19 08:29:16.92376+00",1,"2026-01-19 08:29:16.92376+00",1
260,1,161,79,"1900-01-01",NULL,"","2026-01-19 08:29:16.92376+00",1,"2026-01-19 08:29:16.92376+00",1
261,2,161,79,"1900-01-01",NULL,"","2026-01-19 08:29:16.92376+00",1,"2026-01-19 08:29:16.92376+00",1
262,1,162,62,"1900-01-01",NULL,"","2026-01-19 08:29:16.92376+00",1,"2026-01-19 08:29:16.92376+00",1
263,2,162,62,"1900-01-01",NULL,"","2026-01-19 08:29:16.92376+00",1,"2026-01-19 08:29:16.92376+00",1
264,1,163,32,"1900-01-01",NULL,"","2026-01-19 08:29:16.92376+00",1,"2026-01-19 08:29:16.92376+00",1
265,2,163,32,"1900-01-01",NULL,"","2026-01-19 08:29:16.92376+00",1,"2026-01-19 08:29:16.92376+00",1
266,1,164,32,"1900-01-01",NULL,"","2026-01-19 08:29:16.92376+00",1,"2026-01-19 08:29:16.92376+00",1
267,2,164,32,"1900-01-01",NULL,"","2026-01-19 08:29:16.92376+00",1,"2026-01-19 08:29:16.92376+00",1
268,1,165,35,"1900-01-01",NULL,"","2026-01-19 08:29:16.92376+00",1,"2026-01-19 08:29:16.92376+00",1
269,2,165,35,"1900-01-01",NULL,"","2026-01-19 08:29:16.92376+00",1,"2026-01-19 08:29:16.92376+00",1
270,1,166,32,"1900-01-01",NULL,"","2026-01-19 08:29:16.92376+00",1,"2026-01-19 08:29:16.92376+00",1
271,2,166,32,"1900-01-01",NULL,"","2026-01-19 08:29:16.92376+00",1,"2026-01-19 08:29:16.92376+00",1
272,1,167,26,"1900-01-01",NULL,"","2026-01-19 08:29:16.92376+00",1,"2026-01-19 08:29:16.92376+00",1
273,2,167,6,"1900-01-01",NULL,"","2026-01-19 08:29:16.92376+00",1,"2026-01-19 08:29:16.92376+00",1
274,1,168,32,"1900-01-01",NULL,"","2026-01-19 08:29:16.92376+00",1,"2026-01-19 08:29:16.92376+00",1
275,2,168,32,"1900-01-01",NULL,"","2026-01-19 08:29:16.92376+00",1,"2026-01-19 08:29:16.92376+00",1
276,1,170,32,"1900-01-01",NULL,"","2026-01-19 08:29:16.92376+00",1,"2026-01-19 08:29:16.92376+00",1
277,2,170,6,"1900-01-01",NULL,"","2026-01-19 08:29:16.92376+00",1,"2026-01-19 08:29:16.92376+00",1
278,1,171,27,"1900-01-01",NULL,"","2026-01-19 08:29:16.92376+00",1,"2026-01-19 08:29:16.92376+00",1
279,2,171,27,"1900-01-01",NULL,"","2026-01-19 08:29:16.92376+00",1,"2026-01-19 08:29:16.92376+00",1
280,1,172,29,"1900-01-01",NULL,"","2026-01-19 08:29:16.92376+00",1,"2026-01-19 08:29:16.92376+00",1
281,2,172,6,"1900-01-01",NULL,"","2026-01-19 08:29:16.92376+00",1,"2026-01-19 08:29:16.92376+00",1
282,1,173,13,"1900-01-01",NULL,"","2026-01-19 08:29:16.92376+00",1,"2026-01-19 08:29:16.92376+00",1
283,2,173,13,"1900-01-01",NULL,"","2026-01-19 08:29:16.92376+00",1,"2026-01-19 08:29:16.92376+00",1
284,1,175,62,"1900-01-01",NULL,"","2026-01-19 08:29:16.92376+00",1,"2026-01-19 08:29:16.92376+00",1
285,2,175,62,"1900-01-01",NULL,"","2026-01-19 08:29:16.92376+00",1,"2026-01-19 08:29:16.92376+00",1
286,1,176,35,"1900-01-01",NULL,"","2026-01-19 08:29:16.92376+00",1,"2026-01-19 08:29:16.92376+00",1
287,2,176,35,"1900-01-01",NULL,"","2026-01-19 08:29:16.92376+00",1,"2026-01-19 08:29:16.92376+00",1
288,1,178,32,"1900-01-01",NULL,"","2026-01-19 08:29:16.92376+00",1,"2026-01-19 08:29:16.92376+00",1
289,2,178,13,"1900-01-01",NULL,"","2026-01-19 08:29:16.92376+00",1,"2026-01-19 08:29:16.92376+00",1
290,1,179,29,"1900-01-01",NULL,"","2026-01-19 08:29:16.92376+00",1,"2026-01-19 08:29:16.92376+00",1
291,2,179,29,"1900-01-01",NULL,"","2026-01-19 08:29:16.92376+00",1,"2026-01-19 08:29:16.92376+00",1
292,1,180,29,"1900-01-01",NULL,"","2026-01-19 08:29:16.92376+00",1,"2026-01-19 08:29:16.92376+00",1
293,2,180,29,"1900-01-01",NULL,"","2026-01-19 08:29:16.92376+00",1,"2026-01-19 08:29:16.92376+00",1
294,1,181,29,"1900-01-01",NULL,"","2026-01-19 08:29:16.92376+00",1,"2026-01-19 08:29:16.92376+00",1
295,2,181,29,"1900-01-01",NULL,"","2026-01-19 08:29:16.92376+00",1,"2026-01-19 08:29:16.92376+00",1
296,1,182,29,"1900-01-01",NULL,"","2026-01-19 08:29:16.92376+00",1,"2026-01-19 08:29:16.92376+00",1
297,2,182,29,"1900-01-01",NULL,"","2026-01-19 08:29:16.92376+00",1,"2026-01-19 08:29:16.92376+00",1
298,1,183,32,"1900-01-01",NULL,"","2026-01-19 08:29:16.92376+00",1,"2026-01-19 08:29:16.92376+00",1
299,2,183,13,"1900-01-01",NULL,"","2026-01-19 08:29:16.92376+00",1,"2026-01-19 08:29:16.92376+00",1
300,1,184,13,"1900-01-01",NULL,"","2026-01-19 08:29:16.92376+00",1,"2026-01-19 08:29:16.92376+00",1
301,2,184,13,"1900-01-01",NULL,"","2026-01-19 08:29:16.92376+00",1,"2026-01-19 08:29:16.92376+00",1
302,1,185,13,"1900-01-01",NULL,"","2026-01-19 08:29:16.92376+00",1,"2026-01-19 08:29:16.92376+00",1
303,2,185,13,"1900-01-01",NULL,"","2026-01-19 08:29:16.92376+00",1,"2026-01-19 08:29:16.92376+00",1
304,1,186,27,"1900-01-01",NULL,"","2026-01-19 08:29:16.92376+00",1,"2026-01-19 08:29:16.92376+00",1
305,2,186,27,"1900-01-01",NULL,"","2026-01-19 08:29:16.92376+00",1,"2026-01-19 08:29:16.92376+00",1
306,1,187,29,"1900-01-01",NULL,"","2026-01-19 08:29:16.92376+00",1,"2026-01-19 08:29:16.92376+00",1
307,2,187,6,"1900-01-01",NULL,"","2026-01-19 08:29:16.92376+00",1,"2026-01-19 08:29:16.92376+00",1
308,1,188,62,"1900-01-01",NULL,"","2026-01-19 08:29:16.92376+00",1,"2026-01-19 08:29:16.92376+00",1
309,2,188,62,"1900-01-01",NULL,"","2026-01-19 08:29:16.92376+00",1,"2026-01-19 08:29:16.92376+00",1
310,1,189,27,"1900-01-01",NULL,"","2026-01-19 08:29:16.92376+00",1,"2026-01-19 08:29:16.92376+00",1
311,2,189,27,"1900-01-01",NULL,"","2026-01-19 08:29:16.92376+00",1,"2026-01-19 08:29:16.92376+00",1
312,1,190,27,"1900-01-01",NULL,"","2026-01-19 08:29:16.92376+00",1,"2026-01-19 08:29:16.92376+00",1
313,2,190,27,"1900-01-01",NULL,"","2026-01-19 08:29:16.92376+00",1,"2026-01-19 08:29:16.92376+00",1
314,1,191,13,"1900-01-01",NULL,"","2026-01-19 08:29:16.92376+00",1,"2026-01-19 08:29:16.92376+00",1
315,2,191,13,"1900-01-01",NULL,"","2026-01-19 08:29:16.92376+00",1,"2026-01-19 08:29:16.92376+00",1
316,1,193,13,"1900-01-01",NULL,"","2026-01-19 08:29:16.92376+00",1,"2026-01-19 08:29:16.92376+00",1
317,2,193,13,"1900-01-01",NULL,"","2026-01-19 08:29:16.92376+00",1,"2026-01-19 08:29:16.92376+00",1
318,1,194,27,"1900-01-01",NULL,"","2026-01-19 08:29:16.92376+00",1,"2026-01-19 08:29:16.92376+00",1
319,2,194,27,"1900-01-01",NULL,"","2026-01-19 08:29:16.92376+00",1,"2026-01-19 08:29:16.92376+00",1
320,1,195,27,"1900-01-01",NULL,"","2026-01-19 08:29:16.92376+00",1,"2026-01-19 08:29:16.92376+00",1
321,2,195,27,"1900-01-01",NULL,"","2026-01-19 08:29:16.92376+00",1,"2026-01-19 08:29:16.92376+00",1
322,1,197,27,"1900-01-01",NULL,"","2026-01-19 08:29:16.92376+00",1,"2026-01-19 08:29:16.92376+00",1
323,2,197,27,"1900-01-01",NULL,"","2026-01-19 08:29:16.92376+00",1,"2026-01-19 08:29:16.92376+00",1
324,1,198,13,"1900-01-01",NULL,"","2026-01-19 08:29:16.92376+00",1,"2026-01-19 08:29:16.92376+00",1
325,2,198,13,"1900-01-01",NULL,"","2026-01-19 08:29:16.92376+00",1,"2026-01-19 08:29:16.92376+00",1
326,1,199,13,"1900-01-01",NULL,"","2026-01-19 08:29:16.92376+00",1,"2026-01-19 08:29:16.92376+00",1
327,2,199,13,"1900-01-01",NULL,"","2026-01-19 08:29:16.92376+00",1,"2026-01-19 08:29:16.92376+00",1
328,1,200,13,"1900-01-01",NULL,"","2026-01-19 08:29:16.92376+00",1,"2026-01-19 08:29:16.92376+00",1
329,2,200,13,"1900-01-01",NULL,"","2026-01-19 08:29:16.92376+00",1,"2026-01-19 08:29:16.92376+00",1
330,1,201,27,"1900-01-01",NULL,"","2026-01-19 08:29:16.92376+00",1,"2026-01-19 08:29:16.92376+00",1
331,2,201,27,"1900-01-01",NULL,"","2026-01-19 08:29:16.92376+00",1,"2026-01-19 08:29:16.92376+00",1
332,1,202,13,"1900-01-01",NULL,"","2026-01-19 08:29:16.92376+00",1,"2026-01-19 08:29:16.92376+00",1
333,2,202,13,"1900-01-01",NULL,"","2026-01-19 08:29:16.92376+00",1,"2026-01-19 08:29:16.92376+00",1
334,1,203,27,"1900-01-01",NULL,"","2026-01-19 08:29:16.92376+00",1,"2026-01-19 08:29:16.92376+00",1
335,2,203,27,"1900-01-01",NULL,"","2026-01-19 08:29:16.92376+00",1,"2026-01-19 08:29:16.92376+00",1
336,1,204,13,"1900-01-01",NULL,"","2026-01-19 08:29:16.92376+00",1,"2026-01-19 08:29:16.92376+00",1
337,2,204,13,"1900-01-01",NULL,"","2026-01-19 08:29:16.92376+00",1,"2026-01-19 08:29:16.92376+00",1
338,1,205,62,"1900-01-01",NULL,"","2026-01-19 08:29:16.92376+00",1,"2026-01-19 08:29:16.92376+00",1
339,2,205,62,"1900-01-01",NULL,"","2026-01-19 08:29:16.92376+00",1,"2026-01-19 08:29:16.92376+00",1
340,1,206,27,"1900-01-01",NULL,"","2026-01-19 08:29:16.92376+00",1,"2026-01-19 08:29:16.92376+00",1
341,2,206,27,"1900-01-01",NULL,"","2026-01-19 08:29:16.92376+00",1,"2026-01-19 08:29:16.92376+00",1
342,1,207,37,"1900-01-01",NULL,"","2026-01-19 08:29:16.92376+00",1,"2026-01-19 08:29:16.92376+00",1
343,2,207,37,"1900-01-01",NULL,"","2026-01-19 08:29:16.92376+00",1,"2026-01-19 08:29:16.92376+00",1
344,1,209,62,"1900-01-01",NULL,"","2026-01-19 08:29:16.92376+00",1,"2026-01-19 08:29:16.92376+00",1
345,2,209,62,"1900-01-01",NULL,"","2026-01-19 08:29:16.92376+00",1,"2026-01-19 08:29:16.92376+00",1
346,1,210,13,"1900-01-01",NULL,"","2026-01-19 08:29:16.92376+00",1,"2026-01-19 08:29:16.92376+00",1
347,2,210,13,"1900-01-01",NULL,"","2026-01-19 08:29:16.92376+00",1,"2026-01-19 08:29:16.92376+00",1
348,1,211,13,"1900-01-01",NULL,"","2026-01-19 08:29:16.92376+00",1,"2026-01-19 08:29:16.92376+00",1
349,2,211,13,"1900-01-01",NULL,"","2026-01-19 08:29:16.92376+00",1,"2026-01-19 08:29:16.92376+00",1
350,1,212,13,"1900-01-01",NULL,"","2026-01-19 08:29:16.92376+00",1,"2026-01-19 08:29:16.92376+00",1
351,2,212,13,"1900-01-01",NULL,"","2026-01-19 08:29:16.92376+00",1,"2026-01-19 08:29:16.92376+00",1
352,1,213,62,"1900-01-01",NULL,"","2026-01-19 08:29:16.92376+00",1,"2026-01-19 08:29:16.92376+00",1
353,2,213,62,"1900-01-01",NULL,"","2026-01-19 08:29:16.92376+00",1,"2026-01-19 08:29:16.92376+00",1
354,1,214,13,"1900-01-01",NULL,"","2026-01-19 08:29:16.92376+00",1,"2026-01-19 08:29:16.92376+00",1
355,2,214,13,"1900-01-01",NULL,"","2026-01-19 08:29:16.92376+00",1,"2026-01-19 08:29:16.92376+00",1
356,1,215,62,"1900-01-01",NULL,"","2026-01-19 08:29:16.92376+00",1,"2026-01-19 08:29:16.92376+00",1
357,2,215,62,"1900-01-01",NULL,"","2026-01-19 08:29:16.92376+00",1,"2026-01-19 08:29:16.92376+00",1
358,1,217,27,"1900-01-01",NULL,"","2026-01-19 08:29:16.92376+00",1,"2026-01-19 08:29:16.92376+00",1
359,2,217,27,"1900-01-01",NULL,"","2026-01-19 08:29:16.92376+00",1,"2026-01-19 08:29:16.92376+00",1
360,1,218,13,"1900-01-01",NULL,"","2026-01-19 08:29:16.92376+00",1,"2026-01-19 08:29:16.92376+00",1
361,2,218,13,"1900-01-01",NULL,"","2026-01-19 08:29:16.92376+00",1,"2026-01-19 08:29:16.92376+00",1
362,1,219,13,"1900-01-01",NULL,"","2026-01-19 08:29:16.92376+00",1,"2026-01-19 08:29:16.92376+00",1
363,2,219,13,"1900-01-01",NULL,"","2026-01-19 08:29:16.92376+00",1,"2026-01-19 08:29:16.92376+00",1
364,1,220,13,"1900-01-01",NULL,"","2026-01-19 08:29:16.92376+00",1,"2026-01-19 08:29:16.92376+00",1
365,2,220,13,"1900-01-01",NULL,"","2026-01-19 08:29:16.92376+00",1,"2026-01-19 08:29:16.92376+00",1
366,1,221,33,"1900-01-01",NULL,"","2026-01-19 08:29:16.92376+00",1,"2026-01-19 08:29:16.92376+00",1
367,2,221,33,"1900-01-01",NULL,"","2026-01-19 08:29:16.92376+00",1,"2026-01-19 08:29:16.92376+00",1
368,1,222,36,"1900-01-01",NULL,"","2026-01-19 08:29:16.92376+00",1,"2026-01-19 08:29:16.92376+00",1
369,2,222,36,"1900-01-01",NULL,"","2026-01-19 08:29:16.92376+00",1,"2026-01-19 08:29:16.92376+00",1
370,1,223,13,"1900-01-01",NULL,"","2026-01-19 08:29:16.92376+00",1,"2026-01-19 08:29:16.92376+00",1
371,2,223,13,"1900-01-01",NULL,"","2026-01-19 08:29:16.92376+00",1,"2026-01-19 08:29:16.92376+00",1
372,1,224,62,"1900-01-01",NULL,"","2026-01-19 08:29:16.92376+00",1,"2026-01-19 08:29:16.92376+00",1
373,2,224,62,"1900-01-01",NULL,"","2026-01-19 08:29:16.92376+00",1,"2026-01-19 08:29:16.92376+00",1
374,1,226,33,"1900-01-01",NULL,"","2026-01-19 08:29:16.92376+00",1,"2026-01-19 08:29:16.92376+00",1
375,2,226,38,"1900-01-01",NULL,"","2026-01-19 08:29:16.92376+00",1,"2026-01-19 08:29:16.92376+00",1
376,1,227,36,"1900-01-01",NULL,"","2026-01-19 08:29:16.92376+00",1,"2026-01-19 08:29:16.92376+00",1
377,2,227,36,"1900-01-01",NULL,"","2026-01-19 08:29:16.92376+00",1,"2026-01-19 08:29:16.92376+00",1
378,1,228,13,"1900-01-01",NULL,"","2026-01-19 08:29:16.92376+00",1,"2026-01-19 08:29:16.92376+00",1
379,2,228,13,"1900-01-01",NULL,"","2026-01-19 08:29:16.92376+00",1,"2026-01-19 08:29:16.92376+00",1
380,1,229,62,"1900-01-01",NULL,"","2026-01-19 08:29:16.92376+00",1,"2026-01-19 08:29:16.92376+00",1
381,2,229,62,"1900-01-01",NULL,"","2026-01-19 08:29:16.92376+00",1,"2026-01-19 08:29:16.92376+00",1
382,1,230,13,"1900-01-01",NULL,"","2026-01-19 08:29:16.92376+00",1,"2026-01-19 08:29:16.92376+00",1
383,2,230,13,"1900-01-01",NULL,"","2026-01-19 08:29:16.92376+00",1,"2026-01-19 08:29:16.92376+00",1
384,1,231,27,"1900-01-01",NULL,"","2026-01-19 08:29:16.92376+00",1,"2026-01-19 08:29:16.92376+00",1
385,2,231,27,"1900-01-01",NULL,"","2026-01-19 08:29:16.92376+00",1,"2026-01-19 08:29:16.92376+00",1
386,1,232,36,"1900-01-01",NULL,"","2026-01-19 08:29:16.92376+00",1,"2026-01-19 08:29:16.92376+00",1
387,2,232,36,"1900-01-01",NULL,"","2026-01-19 08:29:16.92376+00",1,"2026-01-19 08:29:16.92376+00",1
388,1,233,19,"1900-01-01",NULL,"","2026-01-19 08:29:16.92376+00",1,"2026-01-19 08:29:16.92376+00",1
389,2,233,19,"1900-01-01",NULL,"","2026-01-19 08:29:16.92376+00",1,"2026-01-19 08:29:16.92376+00",1
390,1,234,62,"1900-01-01",NULL,"","2026-01-19 08:29:16.92376+00",1,"2026-01-19 08:29:16.92376+00",1
391,2,234,62,"1900-01-01",NULL,"","2026-01-19 08:29:16.92376+00",1,"2026-01-19 08:29:16.92376+00",1
392,1,235,62,"1900-01-01",NULL,"","2026-01-19 08:29:16.92376+00",1,"2026-01-19 08:29:16.92376+00",1
393,2,235,62,"1900-01-01",NULL,"","2026-01-19 08:29:16.92376+00",1,"2026-01-19 08:29:16.92376+00",1
394,1,236,37,"1900-01-01",NULL,"","2026-01-19 08:29:16.92376+00",1,"2026-01-19 08:29:16.92376+00",1
395,2,236,37,"1900-01-01",NULL,"","2026-01-19 08:29:16.92376+00",1,"2026-01-19 08:29:16.92376+00",1
396,1,237,36,"1900-01-01",NULL,"","2026-01-19 08:29:16.92376+00",1,"2026-01-19 08:29:16.92376+00",1
397,2,237,36,"1900-01-01",NULL,"","2026-01-19 08:29:16.92376+00",1,"2026-01-19 08:29:16.92376+00",1
398,1,238,19,"1900-01-01",NULL,"","2026-01-19 08:29:16.92376+00",1,"2026-01-19 08:29:16.92376+00",1
399,2,238,19,"1900-01-01",NULL,"","2026-01-19 08:29:16.92376+00",1,"2026-01-19 08:29:16.92376+00",1
400,1,239,30,"1900-01-01",NULL,"","2026-01-19 08:29:16.92376+00",1,"2026-01-19 08:29:16.92376+00",1
401,2,239,18,"1900-01-01",NULL,"","2026-01-19 08:29:16.92376+00",1,"2026-01-19 08:29:16.92376+00",1
402,1,240,62,"1900-01-01",NULL,"","2026-01-19 08:29:16.92376+00",1,"2026-01-19 08:29:16.92376+00",1
403,2,240,62,"1900-01-01",NULL,"","2026-01-19 08:29:16.92376+00",1,"2026-01-19 08:29:16.92376+00",1
404,1,241,62,"1900-01-01",NULL,"","2026-01-19 08:29:16.92376+00",1,"2026-01-19 08:29:16.92376+00",1
405,2,241,62,"1900-01-01",NULL,"","2026-01-19 08:29:16.92376+00",1,"2026-01-19 08:29:16.92376+00",1
406,1,242,27,"1900-01-01",NULL,"","2026-01-19 08:29:16.92376+00",1,"2026-01-19 08:29:16.92376+00",1
407,2,242,19,"1900-01-01",NULL,"","2026-01-19 08:29:16.92376+00",1,"2026-01-19 08:29:16.92376+00",1
408,1,243,27,"1900-01-01",NULL,"","2026-01-19 08:29:16.92376+00",1,"2026-01-19 08:29:16.92376+00",1
409,2,243,19,"1900-01-01",NULL,"","2026-01-19 08:29:16.92376+00",1,"2026-01-19 08:29:16.92376+00",1
410,1,244,36,"1900-01-01",NULL,"","2026-01-19 08:29:16.92376+00",1,"2026-01-19 08:29:16.92376+00",1
411,2,244,36,"1900-01-01",NULL,"","2026-01-19 08:29:16.92376+00",1,"2026-01-19 08:29:16.92376+00",1
412,1,245,36,"1900-01-01",NULL,"","2026-01-19 08:29:16.92376+00",1,"2026-01-19 08:29:16.92376+00",1
413,2,245,36,"1900-01-01",NULL,"","2026-01-19 08:29:16.92376+00",1,"2026-01-19 08:29:16.92376+00",1
414,1,246,36,"1900-01-01",NULL,"","2026-01-19 08:29:16.92376+00",1,"2026-01-19 08:29:16.92376+00",1
415,2,246,36,"1900-01-01",NULL,"","2026-01-19 08:29:16.92376+00",1,"2026-01-19 08:29:16.92376+00",1
416,1,247,19,"1900-01-01",NULL,"","2026-01-19 08:29:16.92376+00",1,"2026-01-19 08:29:16.92376+00",1
417,2,247,19,"1900-01-01",NULL,"","2026-01-19 08:29:16.92376+00",1,"2026-01-19 08:29:16.92376+00",1
418,1,248,30,"1900-01-01",NULL,"","2026-01-19 08:29:16.92376+00",1,"2026-01-19 08:29:16.92376+00",1
419,2,248,18,"1900-01-01",NULL,"","2026-01-19 08:29:16.92376+00",1,"2026-01-19 08:29:16.92376+00",1
420,1,250,13,"1900-01-01",NULL,"","2026-01-19 08:29:16.92376+00",1,"2026-01-19 08:29:16.92376+00",1
421,2,250,13,"1900-01-01",NULL,"","2026-01-19 08:29:16.92376+00",1,"2026-01-19 08:29:16.92376+00",1
422,1,251,36,"1900-01-01",NULL,"","2026-01-19 08:29:16.92376+00",1,"2026-01-19 08:29:16.92376+00",1
423,2,251,36,"1900-01-01",NULL,"","2026-01-19 08:29:16.92376+00",1,"2026-01-19 08:29:16.92376+00",1
424,1,252,30,"1900-01-01",NULL,"","2026-01-19 08:29:16.92376+00",1,"2026-01-19 08:29:16.92376+00",1
425,2,252,18,"1900-01-01",NULL,"","2026-01-19 08:29:16.92376+00",1,"2026-01-19 08:29:16.92376+00",1
426,1,253,62,"1900-01-01",NULL,"","2026-01-19 08:29:16.92376+00",1,"2026-01-19 08:29:16.92376+00",1
427,2,253,62,"1900-01-01",NULL,"","2026-01-19 08:29:16.92376+00",1,"2026-01-19 08:29:16.92376+00",1
428,1,254,13,"1900-01-01",NULL,"","2026-01-19 08:29:16.92376+00",1,"2026-01-19 08:29:16.92376+00",1
429,2,254,13,"1900-01-01",NULL,"","2026-01-19 08:29:16.92376+00",1,"2026-01-19 08:29:16.92376+00",1
430,1,255,13,"1900-01-01",NULL,"","2026-01-19 08:29:16.92376+00",1,"2026-01-19 08:29:16.92376+00",1
431,2,255,13,"1900-01-01",NULL,"","2026-01-19 08:29:16.92376+00",1,"2026-01-19 08:29:16.92376+00",1
432,1,256,13,"1900-01-01",NULL,"","2026-01-19 08:29:16.92376+00",1,"2026-01-19 08:29:16.92376+00",1
433,2,256,13,"1900-01-01",NULL,"","2026-01-19 08:29:16.92376+00",1,"2026-01-19 08:29:16.92376+00",1
434,1,257,30,"1900-01-01",NULL,"","2026-01-19 08:29:16.92376+00",1,"2026-01-19 08:29:16.92376+00",1
435,2,257,18,"1900-01-01",NULL,"","2026-01-19 08:29:16.92376+00",1,"2026-01-19 08:29:16.92376+00",1
436,1,258,36,"1900-01-01",NULL,"","2026-01-19 08:29:16.92376+00",1,"2026-01-19 08:29:16.92376+00",1
437,2,258,36,"1900-01-01",NULL,"","2026-01-19 08:29:16.92376+00",1,"2026-01-19 08:29:16.92376+00",1
438,1,259,13,"1900-01-01",NULL,"","2026-01-19 08:29:16.92376+00",1,"2026-01-19 08:29:16.92376+00",1
439,2,259,13,"1900-01-01",NULL,"","2026-01-19 08:29:16.92376+00",1,"2026-01-19 08:29:16.92376+00",1
440,1,260,36,"1900-01-01",NULL,"","2026-01-19 08:29:16.92376+00",1,"2026-01-19 08:29:16.92376+00",1
441,2,260,36,"1900-01-01",NULL,"","2026-01-19 08:29:16.92376+00",1,"2026-01-19 08:29:16.92376+00",1
442,1,261,36,"1900-01-01",NULL,"","2026-01-19 08:29:16.92376+00",1,"2026-01-19 08:29:16.92376+00",1
443,2,261,36,"1900-01-01",NULL,"","2026-01-19 08:29:16.92376+00",1,"2026-01-19 08:29:16.92376+00",1
444,1,262,36,"1900-01-01",NULL,"","2026-01-19 08:29:16.92376+00",1,"2026-01-19 08:29:16.92376+00",1
445,2,262,36,"1900-01-01",NULL,"","2026-01-19 08:29:16.92376+00",1,"2026-01-19 08:29:16.92376+00",1
446,1,263,30,"1900-01-01",NULL,"","2026-01-19 08:29:16.92376+00",1,"2026-01-19 08:29:16.92376+00",1
447,2,263,18,"1900-01-01",NULL,"","2026-01-19 08:29:16.92376+00",1,"2026-01-19 08:29:16.92376+00",1
448,1,264,13,"1900-01-01",NULL,"","2026-01-19 08:29:16.92376+00",1,"2026-01-19 08:29:16.92376+00",1
449,2,264,13,"1900-01-01",NULL,"","2026-01-19 08:29:16.92376+00",1,"2026-01-19 08:29:16.92376+00",1
450,1,265,37,"1900-01-01",NULL,"","2026-01-19 08:29:16.92376+00",1,"2026-01-19 08:29:16.92376+00",1
451,2,265,37,"1900-01-01",NULL,"","2026-01-19 08:29:16.92376+00",1,"2026-01-19 08:29:16.92376+00",1
452,1,266,35,"1900-01-01",NULL,"","2026-01-19 08:29:16.92376+00",1,"2026-01-19 08:29:16.92376+00",1
453,2,266,35,"1900-01-01",NULL,"","2026-01-19 08:29:16.92376+00",1,"2026-01-19 08:29:16.92376+00",1
454,1,267,36,"1900-01-01",NULL,"","2026-01-19 08:29:16.92376+00",1,"2026-01-19 08:29:16.92376+00",1
455,2,267,36,"1900-01-01",NULL,"","2026-01-19 08:29:16.92376+00",1,"2026-01-19 08:29:16.92376+00",1
456,1,268,35,"1900-01-01",NULL,"","2026-01-19 08:29:16.92376+00",1,"2026-01-19 08:29:16.92376+00",1
457,2,268,35,"1900-01-01",NULL,"","2026-01-19 08:29:16.92376+00",1,"2026-01-19 08:29:16.92376+00",1
458,1,269,30,"1900-01-01",NULL,"","2026-01-19 08:29:16.92376+00",1,"2026-01-19 08:29:16.92376+00",1
459,2,269,18,"1900-01-01",NULL,"","2026-01-19 08:29:16.92376+00",1,"2026-01-19 08:29:16.92376+00",1
460,1,270,37,"1900-01-01",NULL,"","2026-01-19 08:29:16.92376+00",1,"2026-01-19 08:29:16.92376+00",1
461,2,270,37,"1900-01-01",NULL,"","2026-01-19 08:29:16.92376+00",1,"2026-01-19 08:29:16.92376+00",1
462,1,271,36,"1900-01-01",NULL,"","2026-01-19 08:29:16.92376+00",1,"2026-01-19 08:29:16.92376+00",1
463,2,271,36,"1900-01-01",NULL,"","2026-01-19 08:29:16.92376+00",1,"2026-01-19 08:29:16.92376+00",1
464,1,272,30,"1900-01-01",NULL,"","2026-01-19 08:29:16.92376+00",1,"2026-01-19 08:29:16.92376+00",1
465,2,272,18,"1900-01-01",NULL,"","2026-01-19 08:29:16.92376+00",1,"2026-01-19 08:29:16.92376+00",1
466,1,273,30,"1900-01-01",NULL,"","2026-01-19 08:29:16.92376+00",1,"2026-01-19 08:29:16.92376+00",1
467,2,273,18,"1900-01-01",NULL,"","2026-01-19 08:29:16.92376+00",1,"2026-01-19 08:29:16.92376+00",1
468,1,274,36,"1900-01-01",NULL,"","2026-01-19 08:29:16.92376+00",1,"2026-01-19 08:29:16.92376+00",1
469,2,274,36,"1900-01-01",NULL,"","2026-01-19 08:29:16.92376+00",1,"2026-01-19 08:29:16.92376+00",1
470,1,275,30,"1900-01-01",NULL,"","2026-01-19 08:29:16.92376+00",1,"2026-01-19 08:29:16.92376+00",1
471,2,275,18,"1900-01-01",NULL,"","2026-01-19 08:29:16.92376+00",1,"2026-01-19 08:29:16.92376+00",1
472,1,276,30,"1900-01-01",NULL,"","2026-01-19 08:29:16.92376+00",1,"2026-01-19 08:29:16.92376+00",1
473,2,276,18,"1900-01-01",NULL,"","2026-01-19 08:29:16.92376+00",1,"2026-01-19 08:29:16.92376+00",1
474,1,277,30,"1900-01-01",NULL,"","2026-01-19 08:29:16.92376+00",1,"2026-01-19 08:29:16.92376+00",1
475,2,277,28,"1900-01-01",NULL,"","2026-01-19 08:29:16.92376+00",1,"2026-01-19 08:29:16.92376+00",1
476,1,278,30,"1900-01-01",NULL,"","2026-01-19 08:29:16.92376+00",1,"2026-01-19 08:29:16.92376+00",1
477,2,278,18,"1900-01-01",NULL,"","2026-01-19 08:29:16.92376+00",1,"2026-01-19 08:29:16.92376+00",1
478,1,279,30,"1900-01-01",NULL,"","2026-01-19 08:29:16.92376+00",1,"2026-01-19 08:29:16.92376+00",1
479,2,279,18,"1900-01-01",NULL,"","2026-01-19 08:29:16.92376+00",1,"2026-01-19 08:29:16.92376+00",1
480,1,280,30,"1900-01-01",NULL,"","2026-01-19 08:29:16.92376+00",1,"2026-01-19 08:29:16.92376+00",1
481,2,280,18,"1900-01-01",NULL,"","2026-01-19 08:29:16.92376+00",1,"2026-01-19 08:29:16.92376+00",1
482,1,281,30,"1900-01-01",NULL,"","2026-01-19 08:29:16.92376+00",1,"2026-01-19 08:29:16.92376+00",1
483,2,281,18,"1900-01-01",NULL,"","2026-01-19 08:29:16.92376+00",1,"2026-01-19 08:29:16.92376+00",1
484,1,282,37,"1900-01-01",NULL,"","2026-01-19 08:29:16.92376+00",1,"2026-01-19 08:29:16.92376+00",1
485,2,282,37,"1900-01-01",NULL,"","2026-01-19 08:29:16.92376+00",1,"2026-01-19 08:29:16.92376+00",1
486,1,283,37,"1900-01-01",NULL,"","2026-01-19 08:29:16.92376+00",1,"2026-01-19 08:29:16.92376+00",1
487,2,283,37,"1900-01-01",NULL,"","2026-01-19 08:29:16.92376+00",1,"2026-01-19 08:29:16.92376+00",1
488,1,284,30,"1900-01-01",NULL,"","2026-01-19 08:29:16.92376+00",1,"2026-01-19 08:29:16.92376+00",1
489,2,284,18,"1900-01-01",NULL,"","2026-01-19 08:29:16.92376+00",1,"2026-01-19 08:29:16.92376+00",1
490,1,285,37,"1900-01-01",NULL,"","2026-01-19 08:29:16.92376+00",1,"2026-01-19 08:29:16.92376+00",1
491,2,285,37,"1900-01-01",NULL,"","2026-01-19 08:29:16.92376+00",1,"2026-01-19 08:29:16.92376+00",1
492,1,286,37,"1900-01-01",NULL,"","2026-01-19 08:29:16.92376+00",1,"2026-01-19 08:29:16.92376+00",1
493,2,286,37,"1900-01-01",NULL,"","2026-01-19 08:29:16.92376+00",1,"2026-01-19 08:29:16.92376+00",1
494,1,287,37,"1900-01-01",NULL,"","2026-01-19 08:29:16.92376+00",1,"2026-01-19 08:29:16.92376+00",1
495,2,287,37,"1900-01-01",NULL,"","2026-01-19 08:29:16.92376+00",1,"2026-01-19 08:29:16.92376+00",1
496,1,288,79,"1900-01-01",NULL,"","2026-01-19 08:29:16.92376+00",1,"2026-01-19 08:29:16.92376+00",1
497,2,288,79,"1900-01-01",NULL,"","2026-01-19 08:29:16.92376+00",1,"2026-01-19 08:29:16.92376+00",1
498,1,289,37,"1900-01-01",NULL,"","2026-01-19 08:29:16.92376+00",1,"2026-01-19 08:29:16.92376+00",1
499,2,289,37,"1900-01-01",NULL,"","2026-01-19 08:29:16.92376+00",1,"2026-01-19 08:29:16.92376+00",1
500,1,290,79,"1900-01-01",NULL,"","2026-01-19 08:29:16.92376+00",1,"2026-01-19 08:29:16.92376+00",1
501,2,290,79,"1900-01-01",NULL,"","2026-01-19 08:29:16.92376+00",1,"2026-01-19 08:29:16.92376+00",1
502,1,291,79,"1900-01-01",NULL,"","2026-01-19 08:29:16.92376+00",1,"2026-01-19 08:29:16.92376+00",1
503,2,291,79,"1900-01-01",NULL,"","2026-01-19 08:29:16.92376+00",1,"2026-01-19 08:29:16.92376+00",1
504,1,292,30,"1900-01-01",NULL,"","2026-01-19 08:29:16.92376+00",1,"2026-01-19 08:29:16.92376+00",1
505,2,292,18,"1900-01-01",NULL,"","2026-01-19 08:29:16.92376+00",1,"2026-01-19 08:29:16.92376+00",1
506,1,293,62,"1900-01-01",NULL,"","2026-01-19 08:29:16.92376+00",1,"2026-01-19 08:29:16.92376+00",1
507,2,293,62,"1900-01-01",NULL,"","2026-01-19 08:29:16.92376+00",1,"2026-01-19 08:29:16.92376+00",1
508,1,294,30,"1900-01-01",NULL,"","2026-01-19 08:29:16.92376+00",1,"2026-01-19 08:29:16.92376+00",1
509,2,294,18,"1900-01-01",NULL,"","2026-01-19 08:29:16.92376+00",1,"2026-01-19 08:29:16.92376+00",1
510,1,295,38,"1900-01-01",NULL,"","2026-01-19 08:29:16.92376+00",1,"2026-01-19 08:29:16.92376+00",1
511,2,295,38,"1900-01-01",NULL,"","2026-01-19 08:29:16.92376+00",1,"2026-01-19 08:29:16.92376+00",1
512,1,296,30,"1900-01-01",NULL,"","2026-01-19 08:29:16.92376+00",1,"2026-01-19 08:29:16.92376+00",1
513,2,296,18,"1900-01-01",NULL,"","2026-01-19 08:29:16.92376+00",1,"2026-01-19 08:29:16.92376+00",1
514,1,297,79,"1900-01-01",NULL,"","2026-01-19 08:29:16.92376+00",1,"2026-01-19 08:29:16.92376+00",1
515,2,297,79,"1900-01-01",NULL,"","2026-01-19 08:29:16.92376+00",1,"2026-01-19 08:29:16.92376+00",1
516,1,298,79,"1900-01-01",NULL,"","2026-01-19 08:29:16.92376+00",1,"2026-01-19 08:29:16.92376+00",1
517,2,298,79,"1900-01-01",NULL,"","2026-01-19 08:29:16.92376+00",1,"2026-01-19 08:29:16.92376+00",1
518,1,299,28,"1900-01-01",NULL,"","2026-01-19 08:29:16.92376+00",1,"2026-01-19 08:29:16.92376+00",1
519,2,299,28,"1900-01-01",NULL,"","2026-01-19 08:29:16.92376+00",1,"2026-01-19 08:29:16.92376+00",1
520,1,300,28,"1900-01-01",NULL,"","2026-01-19 08:29:16.92376+00",1,"2026-01-19 08:29:16.92376+00",1
521,2,300,28,"1900-01-01",NULL,"","2026-01-19 08:29:16.92376+00",1,"2026-01-19 08:29:16.92376+00",1
522,1,301,28,"1900-01-01",NULL,"","2026-01-19 08:29:16.92376+00",1,"2026-01-19 08:29:16.92376+00",1
523,2,301,28,"1900-01-01",NULL,"","2026-01-19 08:29:16.92376+00",1,"2026-01-19 08:29:16.92376+00",1
524,1,302,38,"1900-01-01",NULL,"","2026-01-19 08:29:16.92376+00",1,"2026-01-19 08:29:16.92376+00",1
525,2,302,38,"1900-01-01",NULL,"","2026-01-19 08:29:16.92376+00",1,"2026-01-19 08:29:16.92376+00",1
526,1,303,28,"1900-01-01",NULL,"","2026-01-19 08:29:16.92376+00",1,"2026-01-19 08:29:16.92376+00",1
527,2,303,28,"1900-01-01",NULL,"","2026-01-19 08:29:16.92376+00",1,"2026-01-19 08:29:16.92376+00",1
528,1,304,79,"1900-01-01",NULL,"","2026-01-19 08:29:16.92376+00",1,"2026-01-19 08:29:16.92376+00",1
529,2,304,79,"1900-01-01",NULL,"","2026-01-19 08:29:16.92376+00",1,"2026-01-19 08:29:16.92376+00",1
530,1,305,30,"1900-01-01",NULL,"","2026-01-19 08:29:16.92376+00",1,"2026-01-19 08:29:16.92376+00",1
531,2,305,18,"1900-01-01",NULL,"","2026-01-19 08:29:16.92376+00",1,"2026-01-19 08:29:16.92376+00",1
532,1,306,28,"1900-01-01",NULL,"","2026-01-19 08:29:16.92376+00",1,"2026-01-19 08:29:16.92376+00",1
533,2,306,28,"1900-01-01",NULL,"","2026-01-19 08:29:16.92376+00",1,"2026-01-19 08:29:16.92376+00",1
534,1,307,79,"1900-01-01",NULL,"","2026-01-19 08:29:16.92376+00",1,"2026-01-19 08:29:16.92376+00",1
535,2,307,79,"1900-01-01",NULL,"","2026-01-19 08:29:16.92376+00",1,"2026-01-19 08:29:16.92376+00",1
536,1,308,28,"1900-01-01",NULL,"","2026-01-19 08:29:16.92376+00",1,"2026-01-19 08:29:16.92376+00",1
537,2,308,28,"1900-01-01",NULL,"","2026-01-19 08:29:16.92376+00",1,"2026-01-19 08:29:16.92376+00",1
538,1,309,62,"1900-01-01",NULL,"","2026-01-19 08:29:16.92376+00",1,"2026-01-19 08:29:16.92376+00",1
539,2,309,62,"1900-01-01",NULL,"","2026-01-19 08:29:16.92376+00",1,"2026-01-19 08:29:16.92376+00",1
540,1,310,28,"1900-01-01",NULL,"","2026-01-19 08:29:16.92376+00",1,"2026-01-19 08:29:16.92376+00",1
541,2,310,28,"1900-01-01",NULL,"","2026-01-19 08:29:16.92376+00",1,"2026-01-19 08:29:16.92376+00",1
542,1,311,30,"1900-01-01",NULL,"","2026-01-19 08:29:16.92376+00",1,"2026-01-19 08:29:16.92376+00",1
543,2,311,18,"1900-01-01",NULL,"","2026-01-19 08:29:16.92376+00",1,"2026-01-19 08:29:16.92376+00",1
544,1,312,28,"1900-01-01",NULL,"","2026-01-19 08:29:16.92376+00",1,"2026-01-19 08:29:16.92376+00",1
545,2,312,28,"1900-01-01",NULL,"","2026-01-19 08:29:16.92376+00",1,"2026-01-19 08:29:16.92376+00",1
546,1,313,30,"1900-01-01",NULL,"","2026-01-19 08:29:16.92376+00",1,"2026-01-19 08:29:16.92376+00",1
547,2,313,18,"1900-01-01",NULL,"","2026-01-19 08:29:16.92376+00",1,"2026-01-19 08:29:16.92376+00",1
548,1,314,28,"1900-01-01",NULL,"","2026-01-19 08:29:16.92376+00",1,"2026-01-19 08:29:16.92376+00",1
549,2,314,28,"1900-01-01",NULL,"","2026-01-19 08:29:16.92376+00",1,"2026-01-19 08:29:16.92376+00",1
550,1,315,38,"1900-01-01",NULL,"","2026-01-19 08:29:16.92376+00",1,"2026-01-19 08:29:16.92376+00",1
551,2,315,38,"1900-01-01",NULL,"","2026-01-19 08:29:16.92376+00",1,"2026-01-19 08:29:16.92376+00",1
552,1,316,28,"1900-01-01",NULL,"","2026-01-19 08:29:16.92376+00",1,"2026-01-19 08:29:16.92376+00",1
553,2,316,28,"1900-01-01",NULL,"","2026-01-19 08:29:16.92376+00",1,"2026-01-19 08:29:16.92376+00",1
554,1,317,79,"1900-01-01",NULL,"","2026-01-19 08:29:16.92376+00",1,"2026-01-19 08:29:16.92376+00",1
555,2,317,79,"1900-01-01",NULL,"","2026-01-19 08:29:16.92376+00",1,"2026-01-19 08:29:16.92376+00",1
556,1,318,79,"1900-01-01",NULL,"","2026-01-19 08:29:16.92376+00",1,"2026-01-19 08:29:16.92376+00",1
557,2,318,79,"1900-01-01",NULL,"","2026-01-19 08:29:16.92376+00",1,"2026-01-19 08:29:16.92376+00",1
558,1,319,38,"1900-01-01",NULL,"","2026-01-19 08:29:16.92376+00",1,"2026-01-19 08:29:16.92376+00",1
559,2,319,38,"1900-01-01",NULL,"","2026-01-19 08:29:16.92376+00",1,"2026-01-19 08:29:16.92376+00",1
560,1,320,79,"1900-01-01",NULL,"","2026-01-19 08:29:16.92376+00",1,"2026-01-19 08:29:16.92376+00",1
561,2,320,79,"1900-01-01",NULL,"","2026-01-19 08:29:16.92376+00",1,"2026-01-19 08:29:16.92376+00",1
562,1,321,38,"1900-01-01",NULL,"","2026-01-19 08:29:16.92376+00",1,"2026-01-19 08:29:16.92376+00",1
563,2,321,38,"1900-01-01",NULL,"","2026-01-19 08:29:16.92376+00",1,"2026-01-19 08:29:16.92376+00",1
564,1,322,30,"1900-01-01",NULL,"","2026-01-19 08:29:16.92376+00",1,"2026-01-19 08:29:16.92376+00",1
565,2,322,18,"1900-01-01",NULL,"","2026-01-19 08:29:16.92376+00",1,"2026-01-19 08:29:16.92376+00",1
566,1,323,38,"1900-01-01",NULL,"","2026-01-19 08:29:16.92376+00",1,"2026-01-19 08:29:16.92376+00",1
567,2,323,38,"1900-01-01",NULL,"","2026-01-19 08:29:16.92376+00",1,"2026-01-19 08:29:16.92376+00",1
568,1,324,30,"1900-01-01",NULL,"","2026-01-19 08:29:16.92376+00",1,"2026-01-19 08:29:16.92376+00",1
569,2,324,18,"1900-01-01",NULL,"","2026-01-19 08:29:16.92376+00",1,"2026-01-19 08:29:16.92376+00",1
570,1,325,79,"1900-01-01",NULL,"","2026-01-19 08:29:16.92376+00",1,"2026-01-19 08:29:16.92376+00",1
571,2,325,79,"1900-01-01",NULL,"","2026-01-19 08:29:16.92376+00",1,"2026-01-19 08:29:16.92376+00",1
572,1,326,30,"1900-01-01",NULL,"","2026-01-19 08:29:16.92376+00",1,"2026-01-19 08:29:16.92376+00",1
573,2,326,18,"1900-01-01",NULL,"","2026-01-19 08:29:16.92376+00",1,"2026-01-19 08:29:16.92376+00",1
574,1,327,30,"1900-01-01",NULL,"","2026-01-19 08:29:16.92376+00",1,"2026-01-19 08:29:16.92376+00",1
575,2,327,18,"1900-01-01",NULL,"","2026-01-19 08:29:16.92376+00",1,"2026-01-19 08:29:16.92376+00",1
576,1,328,30,"1900-01-01",NULL,"","2026-01-19 08:29:16.92376+00",1,"2026-01-19 08:29:16.92376+00",1
577,2,328,18,"1900-01-01",NULL,"","2026-01-19 08:29:16.92376+00",1,"2026-01-19 08:29:16.92376+00",1
578,1,329,79,"1900-01-01",NULL,"","2026-01-19 08:29:16.92376+00",1,"2026-01-19 08:29:16.92376+00",1
579,2,329,79,"1900-01-01",NULL,"","2026-01-19 08:29:16.92376+00",1,"2026-01-19 08:29:16.92376+00",1
580,1,330,38,"1900-01-01",NULL,"","2026-01-19 08:29:16.92376+00",1,"2026-01-19 08:29:16.92376+00",1
581,2,330,38,"1900-01-01",NULL,"","2026-01-19 08:29:16.92376+00",1,"2026-01-19 08:29:16.92376+00",1
582,1,331,79,"1900-01-01",NULL,"","2026-01-19 08:29:16.92376+00",1,"2026-01-19 08:29:16.92376+00",1
583,2,331,79,"1900-01-01",NULL,"","2026-01-19 08:29:16.92376+00",1,"2026-01-19 08:29:16.92376+00",1
584,1,332,13,"1900-01-01",NULL,"","2026-01-19 08:29:16.92376+00",1,"2026-01-19 08:29:16.92376+00",1
585,2,332,13,"1900-01-01",NULL,"","2026-01-19 08:29:16.92376+00",1,"2026-01-19 08:29:16.92376+00",1
586,1,333,13,"1900-01-01",NULL,"","2026-01-19 08:29:16.92376+00",1,"2026-01-19 08:29:16.92376+00",1
587,2,333,13,"1900-01-01",NULL,"","2026-01-19 08:29:16.92376+00",1,"2026-01-19 08:29:16.92376+00",1
588,1,334,79,"1900-01-01",NULL,"","2026-01-19 08:29:16.92376+00",1,"2026-01-19 08:29:16.92376+00",1
589,2,334,79,"1900-01-01",NULL,"","2026-01-19 08:29:16.92376+00",1,"2026-01-19 08:29:16.92376+00",1
590,1,335,28,"1900-01-01",NULL,"","2026-01-19 08:29:16.92376+00",1,"2026-01-19 08:29:16.92376+00",1
591,2,335,28,"1900-01-01",NULL,"","2026-01-19 08:29:16.92376+00",1,"2026-01-19 08:29:16.92376+00",1
592,1,336,30,"1900-01-01",NULL,"","2026-01-19 08:29:16.92376+00",1,"2026-01-19 08:29:16.92376+00",1
593,2,336,18,"1900-01-01",NULL,"","2026-01-19 08:29:16.92376+00",1,"2026-01-19 08:29:16.92376+00",1
594,1,337,30,"1900-01-01",NULL,"","2026-01-19 08:29:16.92376+00",1,"2026-01-19 08:29:16.92376+00",1
595,2,337,18,"1900-01-01",NULL,"","2026-01-19 08:29:16.92376+00",1,"2026-01-19 08:29:16.92376+00",1
596,1,338,30,"1900-01-01",NULL,"","2026-01-19 08:29:16.92376+00",1,"2026-01-19 08:29:16.92376+00",1
597,2,338,18,"1900-01-01",NULL,"","2026-01-19 08:29:16.92376+00",1,"2026-01-19 08:29:16.92376+00",1
598,1,339,36,"1900-01-01",NULL,"","2026-01-19 08:29:16.92376+00",1,"2026-01-19 08:29:16.92376+00",1
599,2,339,36,"1900-01-01",NULL,"","2026-01-19 08:29:16.92376+00",1,"2026-01-19 08:29:16.92376+00",1
600,1,340,16,"1900-01-01",NULL,"","2026-01-19 08:29:16.92376+00",1,"2026-01-19 08:29:16.92376+00",1
601,2,340,16,"1900-01-01",NULL,"","2026-01-19 08:29:16.92376+00",1,"2026-01-19 08:29:16.92376+00",1
602,1,341,16,"1900-01-01",NULL,"","2026-01-19 08:29:16.92376+00",1,"2026-01-19 08:29:16.92376+00",1
603,2,341,16,"1900-01-01",NULL,"","2026-01-19 08:29:16.92376+00",1,"2026-01-19 08:29:16.92376+00",1
604,1,342,28,"1900-01-01",NULL,"","2026-01-19 08:29:16.92376+00",1,"2026-01-19 08:29:16.92376+00",1
605,2,342,28,"1900-01-01",NULL,"","2026-01-19 08:29:16.92376+00",1,"2026-01-19 08:29:16.92376+00",1
606,1,343,38,"1900-01-01",NULL,"","2026-01-19 08:29:16.92376+00",1,"2026-01-19 08:29:16.92376+00",1
607,2,343,38,"1900-01-01",NULL,"","2026-01-19 08:29:16.92376+00",1,"2026-01-19 08:29:16.92376+00",1
608,1,344,30,"1900-01-01",NULL,"","2026-01-19 08:29:16.92376+00",1,"2026-01-19 08:29:16.92376+00",1
609,2,344,18,"1900-01-01",NULL,"","2026-01-19 08:29:16.92376+00",1,"2026-01-19 08:29:16.92376+00",1
610,1,345,13,"1900-01-01",NULL,"","2026-01-19 08:29:16.92376+00",1,"2026-01-19 08:29:16.92376+00",1
611,2,345,13,"1900-01-01",NULL,"","2026-01-19 08:29:16.92376+00",1,"2026-01-19 08:29:16.92376+00",1
612,1,346,13,"1900-01-01",NULL,"","2026-01-19 08:29:16.92376+00",1,"2026-01-19 08:29:16.92376+00",1
613,2,346,13,"1900-01-01",NULL,"","2026-01-19 08:29:16.92376+00",1,"2026-01-19 08:29:16.92376+00",1
614,1,347,40,"1900-01-01",NULL,"","2026-01-19 08:29:16.92376+00",1,"2026-01-19 08:29:16.92376+00",1
615,2,347,40,"1900-01-01",NULL,"","2026-01-19 08:29:16.92376+00",1,"2026-01-19 08:29:16.92376+00",1
616,1,348,35,"1900-01-01",NULL,"","2026-01-19 08:29:16.92376+00",1,"2026-01-19 08:29:16.92376+00",1
617,2,348,35,"1900-01-01",NULL,"","2026-01-19 08:29:16.92376+00",1,"2026-01-19 08:29:16.92376+00",1
618,1,349,27,"1900-01-01",NULL,"","2026-01-19 08:29:16.92376+00",1,"2026-01-19 08:29:16.92376+00",1
619,2,349,27,"1900-01-01",NULL,"","2026-01-19 08:29:16.92376+00",1,"2026-01-19 08:29:16.92376+00",1
620,1,141,35,"1900-01-01",NULL,"","2026-01-19 08:34:15.915723+00",2,"2026-01-19 08:34:15+00",2
621,2,141,35,"1900-01-01",NULL,"","2026-01-19 08:34:45.573472+00",2,"2026-01-19 08:34:45+00",2
622,1,89,40,"1900-01-01",NULL,"","2026-01-19 08:47:19.283488+00",2,"2026-01-19 08:47:19+00",2
623,1,35,40,"1900-01-01",NULL,"","2026-01-19 09:29:55.040206+00",2,"2026-01-19 09:29:55+00",2
624,2,35,40,"1900-01-01",NULL,"","2026-01-19 09:30:16.973205+00",2,"2026-01-19 09:30:17+00",2
625,1,43,40,"1900-01-01",NULL,"","2026-01-19 09:31:50.494545+00",2,"2026-01-19 09:31:50+00",2
626,2,43,40,"1900-01-01",NULL,"","2026-01-19 09:32:13.216641+00",2,"2026-01-19 09:32:13+00",2
627,1,99,27,"1900-01-01",NULL,"","2026-01-19 09:34:36.115778+00",2,"2026-01-19 09:34:36+00",2
628,2,99,27,"1900-01-01",NULL,"","2026-01-19 09:34:56.274336+00",2,"2026-01-19 09:34:56+00",2
629,1,177,33,"1900-01-01",NULL,"","2026-01-19 09:36:57.428299+00",2,"2026-01-19 09:36:57+00",2
630,2,177,33,"1900-01-01",NULL,"","2026-01-19 09:37:37.879019+00",2,"2026-01-19 09:37:37+00",2
631,1,148,13,"1900-01-01",NULL,"","2026-01-19 09:41:09.34989+00",2,"2026-01-19 09:41:09+00",2
632,2,148,13,"1900-01-01",NULL,"","2026-01-19 09:41:21.763165+00",2,"2026-01-19 09:41:21+00",2
633,1,154,13,"1900-01-01",NULL,"","2026-01-19 09:42:42.533614+00",2,"2026-01-19 09:42:42+00",2
634,2,154,13,"1900-01-01",NULL,"","2026-01-19 09:42:59.176214+00",2,"2026-01-19 09:42:59+00",2
635,2,89,40,"1900-01-01",NULL,"","2026-01-19 09:50:23.671294+00",2,"2026-01-19 09:50:23+00",2
636,2,123,26,"1900-01-01",NULL,"","2026-01-19 09:56:06.644802+00",2,"2026-01-19 09:56:06+00",2
637,2,125,26,"1900-01-01",NULL,"","2026-01-19 09:57:25.234371+00",2,"2026-01-19 09:57:25+00",2
638,2,135,26,"1900-01-01",NULL,"","2026-01-19 09:58:27.383151+00",2,"2026-01-19 09:58:27+00",2
639,1,169,29,"1900-01-01",NULL,"","2026-01-19 10:00:25.670782+00",2,"2026-01-19 10:00:25+00",2
640,2,169,29,"1900-01-01",NULL,"","2026-01-19 10:00:43.640988+00",2,"2026-01-19 10:00:43+00",2
