"id","field_id","usage_id","valid_from","valid_to","note","created_at","created_by","updated_at","updated_by"
1,1,5,"1900-01-01",NULL,"","2026-01-19 08:29:16.92376+00",1,"2026-01-19 08:29:16.92376+00",1
2,2,5,"1900-01-01",NULL,"","2026-01-19 08:29:16.92376+00",1,"2026-01-19 08:29:16.92376+00",1
3,3,5,"1900-01-01",NULL,"","2026-01-19 08:29:16.92376+00",1,"2026-01-19 08:29:16.92376+00",1
4,4,5,"1900-01-01",NULL,"","2026-01-19 08:29:16.92376+00",1,"2026-01-19 08:29:16.92376+00",1
5,5,5,"1900-01-01",NULL,"","2026-01-19 08:29:16.92376+00",1,"2026-01-19 08:29:16.92376+00",1
6,6,5,"1900-01-01",NULL,"","2026-01-19 08:29:16.92376+00",1,"2026-01-19 08:29:16.92376+00",1
7,7,5,"1900-01-01",NULL,"","2026-01-19 08:29:16.92376+00",1,"2026-01-19 08:29:16.92376+00",1
8,8,5,"1900-01-01",NULL,"","2026-01-19 08:29:16.92376+00",1,"2026-01-19 08:29:16.92376+00",1
9,9,5,"1900-01-01",NULL,"","2026-01-19 08:29:16.92376+00",1,"2026-01-19 08:29:16.92376+00",1
10,10,5,"1900-01-01",NULL,"","2026-01-19 08:29:16.92376+00",1,"2026-01-19 08:29:16.92376+00",1
11,11,5,"1900-01-01",NULL,"","2026-01-19 08:29:16.92376+00",1,"2026-01-19 08:29:16.92376+00",1
12,12,5,"1900-01-01",NULL,"","2026-01-19 08:29:16.92376+00",1,"2026-01-19 08:29:16.92376+00",1
13,13,8,"1900-01-01",NULL,"","2026-01-19 08:29:16.92376+00",1,"2026-01-19 08:29:16.92376+00",1
14,14,11,"1900-01-01",NULL,"","2026-01-19 08:29:16.92376+00",1,"2026-01-19 08:29:16.92376+00",1
15,15,10,"1900-01-01",NULL,"","2026-01-19 08:29:16.92376+00",1,"2026-01-19 08:29:16.92376+00",1
16,16,10,"1900-01-01",NULL,"","2026-01-19 08:29:16.92376+00",1,"2026-01-19 08:29:16.92376+00",1
17,17,11,"1900-01-01",NULL,"","2026-01-19 08:29:16.92376+00",1,"2026-01-19 08:29:16.92376+00",1
18,18,5,"1900-01-01",NULL,"","2026-01-19 08:29:16.92376+00",1,"2026-01-19 08:29:16.92376+00",1
19,19,10,"1900-01-01",NULL,"","2026-01-19 08:29:16.92376+00",1,"2026-01-19 08:29:16.92376+00",1
20,20,10,"1900-01-01",NULL,"","2026-01-19 08:29:16.92376+00",1,"2026-01-19 08:29:16.92376+00",1
21,21,10,"1900-01-01",NULL,"","2026-01-19 08:29:16.92376+00",1,"2026-01-19 08:29:16.92376+00",1
22,22,10,"1900-01-01",NULL,"","2026-01-19 08:29:16.92376+00",1,"2026-01-19 08:29:16.92376+00",1
23,23,11,"1900-01-01",NULL,"","2026-01-19 08:29:16.92376+00",1,"2026-01-19 08:29:16.92376+00",1
24,24,10,"1900-01-01",NULL,"","2026-01-19 08:29:16.92376+00",1,"2026-01-19 08:29:16.92376+00",1
25,25,10,"1900-01-01",NULL,"","2026-01-19 08:29:16.92376+00",1,"2026-01-19 08:29:16.92376+00",1
26,26,10,"1900-01-01",NULL,"","2026-01-19 08:29:16.92376+00",1,"2026-01-19 08:29:16.92376+00",1
27,27,10,"1900-01-01",NULL,"","2026-01-19 08:29:16.92376+00",1,"2026-01-19 08:29:16.92376+00",1
28,28,10,"1900-01-01",NULL,"","2026-01-19 08:29:16.92376+00",1,"2026-01-19 08:29:16.92376+00",1
29,29,11,"1900-01-01",NULL,"","2026-01-19 08:29:16.92376+00",1,"2026-01-19 08:29:16.92376+00",1
30,30,2,"1900-01-01",NULL,"","2026-01-19 08:29:16.92376+00",1,"2026-01-19 13:18:36+00",2
31,31,10,"1900-01-01",NULL,"","2026-01-19 08:29:16.92376+00",1,"2026-01-19 08:29:16.92376+00",1
32,32,2,"1900-01-01",NULL,"","2026-01-19 08:29:16.92376+00",1,"2026-01-19 08:29:16.92376+00",1
33,33,10,"1900-01-01",NULL,"","2026-01-19 08:29:16.92376+00",1,"2026-01-19 08:29:16.92376+00",1
34,34,11,"1900-01-01",NULL,"","2026-01-19 08:29:16.92376+00",1,"2026-01-19 08:29:16.92376+00",1
35,35,10,"1900-01-01",NULL,"","2026-01-19 08:29:16.92376+00",1,"2026-01-19 09:52:58+00",2
36,36,2,"1900-01-01",NULL,"","2026-01-19 08:29:16.92376+00",1,"2026-01-19 08:29:16.92376+00",1
37,37,11,"1900-01-01",NULL,"","2026-01-19 08:29:16.92376+00",1,"2026-01-19 08:29:16.92376+00",1
38,38,11,"1900-01-01",NULL,"","2026-01-19 08:29:16.92376+00",1,"2026-01-19 08:29:16.92376+00",1
39,39,10,"1900-01-01",NULL,"","2026-01-19 08:29:16.92376+00",1,"2026-01-19 08:29:16.92376+00",1
40,40,11,"1900-01-01",NULL,"","2026-01-19 08:29:16.92376+00",1,"2026-01-19 08:29:16.92376+00",1
41,41,11,"1900-01-01",NULL,"","2026-01-19 08:29:16.92376+00",1,"2026-01-19 08:29:16.92376+00",1
42,42,2,"1900-01-01",NULL,"","2026-01-19 08:29:16.92376+00",1,"2026-01-19 08:29:16.92376+00",1
43,43,11,"1900-01-01",NULL,"","2026-01-19 08:29:16.92376+00",1,"2026-01-19 08:29:16.92376+00",1
44,44,11,"1900-01-01",NULL,"","2026-01-19 08:29:16.92376+00",1,"2026-01-19 08:29:16.92376+00",1
45,45,11,"1900-01-01",NULL,"","2026-01-19 08:29:16.92376+00",1,"2026-01-19 08:29:16.92376+00",1
46,46,2,"1900-01-01",NULL,"","2026-01-19 08:29:16.92376+00",1,"2026-01-19 08:29:16.92376+00",1
47,47,2,"1900-01-01",NULL,"","2026-01-19 08:29:16.92376+00",1,"2026-01-19 08:29:16.92376+00",1
48,48,11,"1900-01-01",NULL,"","2026-01-19 08:29:16.92376+00",1,"2026-01-19 08:29:16.92376+00",1
49,49,2,"1900-01-01",NULL,"","2026-01-19 08:29:16.92376+00",1,"2026-01-19 08:29:16.92376+00",1
50,50,8,"1900-01-01",NULL,"","2026-01-19 08:29:16.92376+00",1,"2026-01-19 08:29:16.92376+00",1
51,51,10,"1900-01-01",NULL,"","2026-01-19 08:29:16.92376+00",1,"2026-01-19 08:29:16.92376+00",1
52,52,4,"1900-01-01",NULL,"","2026-01-19 08:29:16.92376+00",1,"2026-01-19 08:29:16.92376+00",1
53,53,4,"1900-01-01",NULL,"","2026-01-19 08:29:16.92376+00",1,"2026-01-19 08:29:16.92376+00",1
54,54,2,"1900-01-01",NULL,"","2026-01-19 08:29:16.92376+00",1,"2026-01-19 08:29:16.92376+00",1
55,55,10,"1900-01-01",NULL,"","2026-01-19 08:29:16.92376+00",1,"2026-01-19 08:29:16.92376+00",1
56,56,2,"1900-01-01",NULL,"","2026-01-19 08:29:16.92376+00",1,"2026-01-19 08:29:16.92376+00",1
57,57,4,"1900-01-01",NULL,"","2026-01-19 08:29:16.92376+00",1,"2026-01-19 08:29:16.92376+00",1
58,58,11,"1900-01-01",NULL,"","2026-01-19 08:29:16.92376+00",1,"2026-01-19 08:29:16.92376+00",1
59,59,4,"1900-01-01",NULL,"","2026-01-19 08:29:16.92376+00",1,"2026-01-19 08:29:16.92376+00",1
60,60,11,"1900-01-01",NULL,"","2026-01-19 08:29:16.92376+00",1,"2026-01-19 08:29:16.92376+00",1
61,61,4,"1900-01-01",NULL,"","2026-01-19 08:29:16.92376+00",1,"2026-01-19 08:29:16.92376+00",1
62,62,10,"1900-01-01",NULL,"","2026-01-19 08:29:16.92376+00",1,"2026-01-19 08:29:16.92376+00",1
63,63,2,"1900-01-01",NULL,"","2026-01-19 08:29:16.92376+00",1,"2026-01-19 08:29:16.92376+00",1
64,64,2,"1900-01-01",NULL,"","2026-01-19 08:29:16.92376+00",1,"2026-01-19 08:29:16.92376+00",1
65,65,4,"1900-01-01",NULL,"","2026-01-19 08:29:16.92376+00",1,"2026-01-19 08:29:16.92376+00",1
66,66,11,"1900-01-01",NULL,"","2026-01-19 08:29:16.92376+00",1,"2026-01-19 08:29:16.92376+00",1
67,67,2,"1900-01-01",NULL,"","2026-01-19 08:29:16.92376+00",1,"2026-01-19 08:29:16.92376+00",1
68,68,10,"1900-01-01",NULL,"","2026-01-19 08:29:16.92376+00",1,"2026-01-19 08:29:16.92376+00",1
69,69,10,"1900-01-01",NULL,"","2026-01-19 08:29:16.92376+00",1,"2026-01-19 08:29:16.92376+00",1
70,70,10,"1900-01-01",NULL,"","2026-01-19 08:29:16.92376+00",1,"2026-01-19 08:29:16.92376+00",1
71,71,2,"1900-01-01",NULL,"","2026-01-19 08:29:16.92376+00",1,"2026-01-19 08:29:16.92376+00",1
72,72,4,"1900-01-01",NULL,"","2026-01-19 08:29:16.92376+00",1,"2026-01-19 08:29:16.92376+00",1
73,73,2,"1900-01-01",NULL,"","2026-01-19 08:29:16.92376+00",1,"2026-01-19 08:29:16.92376+00",1
74,74,2,"1900-01-01",NULL,"","2026-01-19 08:29:16.92376+00",1,"2026-01-19 08:29:16.92376+00",1
75,75,2,"1900-01-01",NULL,"","2026-01-19 08:29:16.92376+00",1,"2026-01-19 08:29:16.92376+00",1
76,76,2,"1900-01-01",NULL,"","2026-01-19 08:29:16.92376+00",1,"2026-01-19 08:29:16.92376+00",1
77,77,2,"1900-01-01",NULL,"","2026-01-19 08:29:16.92376+00",1,"2026-01-19 08:29:16.92376+00",1
78,78,2,"1900-01-01",NULL,"","2026-01-19 08:29:16.92376+00",1,"2026-01-19 08:29:16.92376+00",1
79,79,2,"1900-01-01",NULL,"","2026-01-19 08:29:16.92376+00",1,"2026-01-19 08:29:16.92376+00",1
80,80,2,"1900-01-01",NULL,"","2026-01-19 08:29:16.92376+00",1,"2026-01-19 08:29:16.92376+00",1
81,81,8,"1900-01-01",NULL,"","2026-01-19 08:29:16.92376+00",1,"2026-01-19 08:29:16.92376+00",1
82,82,2,"1900-01-01",NULL,"","2026-01-19 08:29:16.92376+00",1,"2026-01-19 08:29:16.92376+00",1
83,83,2,"1900-01-01",NULL,"","2026-01-19 08:29:16.92376+00",1,"2026-01-19 08:29:16.92376+00",1
84,84,10,"1900-01-01",NULL,"","2026-01-19 08:29:16.92376+00",1,"2026-01-19 08:29:16.92376+00",1
85,85,10,"1900-01-01",NULL,"","2026-01-19 08:29:16.92376+00",1,"2026-01-19 08:29:16.92376+00",1
86,86,10,"1900-01-01",NULL,"","2026-01-19 08:29:16.92376+00",1,"2026-01-19 08:29:16.92376+00",1
87,87,10,"1900-01-01",NULL,"","2026-01-19 08:29:16.92376+00",1,"2026-01-19 08:29:16.92376+00",1
88,88,6,"1900-01-01",NULL,"","2026-01-19 08:29:16.92376+00",1,"2026-01-19 08:29:16.92376+00",1
89,89,10,"1900-01-01",NULL,"","2026-01-19 08:29:16.92376+00",1,"2026-01-19 09:51:21+00",2
90,90,6,"1900-01-01",NULL,"","2026-01-19 08:29:16.92376+00",1,"2026-01-19 08:29:16.92376+00",1
91,91,2,"1900-01-01",NULL,"","2026-01-19 08:29:16.92376+00",1,"2026-01-19 08:29:16.92376+00",1
92,92,10,"1900-01-01",NULL,"","2026-01-19 08:29:16.92376+00",1,"2026-01-19 08:29:16.92376+00",1
93,93,10,"1900-01-01",NULL,"","2026-01-19 08:29:16.92376+00",1,"2026-01-19 08:29:16.92376+00",1
94,94,10,"1900-01-01",NULL,"","2026-01-19 08:29:16.92376+00",1,"2026-01-19 08:29:16.92376+00",1
95,95,10,"1900-01-01",NULL,"","2026-01-19 08:29:16.92376+00",1,"2026-01-19 08:29:16.92376+00",1
96,96,6,"1900-01-01",NULL,"","2026-01-19 08:29:16.92376+00",1,"2026-01-19 08:29:16.92376+00",1
97,97,3,"1900-01-01",NULL,"","2026-01-19 08:29:16.92376+00",1,"2026-01-19 08:29:16.92376+00",1
98,98,11,"1900-01-01",NULL,"","2026-01-19 08:29:16.92376+00",1,"2026-01-19 08:29:16.92376+00",1
99,99,11,"1900-01-01",NULL,"","2026-01-19 08:29:16.92376+00",1,"2026-01-19 08:29:16.92376+00",1
100,100,6,"1900-01-01",NULL,"","2026-01-19 08:29:16.92376+00",1,"2026-01-19 08:29:16.92376+00",1
101,101,6,"1900-01-01",NULL,"","2026-01-19 08:29:16.92376+00",1,"2026-01-19 08:29:16.92376+00",1
102,102,3,"1900-01-01",NULL,"","2026-01-19 08:29:16.92376+00",1,"2026-01-19 13:24:48+00",2
103,103,6,"1900-01-01",NULL,"","2026-01-19 08:29:16.92376+00",1,"2026-01-19 08:29:16.92376+00",1
104,104,2,"1900-01-01",NULL,"","2026-01-19 08:29:16.92376+00",1,"2026-01-19 08:29:16.92376+00",1
105,105,3,"1900-01-01",NULL,"","2026-01-19 08:29:16.92376+00",1,"2026-01-19 13:24:04+00",2
106,106,11,"1900-01-01",NULL,"","2026-01-19 08:29:16.92376+00",1,"2026-01-19 08:29:16.92376+00",1
107,107,6,"1900-01-01",NULL,"","2026-01-19 08:29:16.92376+00",1,"2026-01-19 08:29:16.92376+00",1
108,108,11,"1900-01-01",NULL,"","2026-01-19 08:29:16.92376+00",1,"2026-01-19 08:29:16.92376+00",1
109,109,6,"1900-01-01",NULL,"","2026-01-19 08:29:16.92376+00",1,"2026-01-19 08:29:16.92376+00",1
110,110,2,"1900-01-01",NULL,"","2026-01-19 08:29:16.92376+00",1,"2026-01-19 08:29:16.92376+00",1
111,111,2,"1900-01-01",NULL,"","2026-01-19 08:29:16.92376+00",1,"2026-01-19 08:29:16.92376+00",1
112,112,2,"1900-01-01",NULL,"","2026-01-19 08:29:16.92376+00",1,"2026-01-19 10:04:20+00",2
113,113,2,"1900-01-01",NULL,"","2026-01-19 08:29:16.92376+00",1,"2026-01-19 08:29:16.92376+00",1
114,114,11,"1900-01-01",NULL,"","2026-01-19 08:29:16.92376+00",1,"2026-01-19 08:29:16.92376+00",1
115,115,11,"1900-01-01",NULL,"","2026-01-19 08:29:16.92376+00",1,"2026-01-19 08:29:16.92376+00",1
116,116,3,"1900-01-01",NULL,"","2026-01-19 08:29:16.92376+00",1,"2026-01-19 08:29:16.92376+00",1
117,117,2,"1900-01-01",NULL,"","2026-01-19 08:29:16.92376+00",1,"2026-01-19 10:04:51+00",2
118,118,3,"1900-01-01",NULL,"","2026-01-19 08:29:16.92376+00",1,"2026-01-19 08:29:16.92376+00",1
119,119,10,"1900-01-01",NULL,"","2026-01-19 08:29:16.92376+00",1,"2026-01-19 08:29:16.92376+00",1
120,120,2,"1900-01-01",NULL,"","2026-01-19 08:29:16.92376+00",1,"2026-01-19 10:05:34+00",2
121,121,10,"1900-01-01",NULL,"","2026-01-19 08:29:16.92376+00",1,"2026-01-19 08:29:16.92376+00",1
122,122,2,"1900-01-01",NULL,"","2026-01-19 08:29:16.92376+00",1,"2026-01-19 08:29:16.92376+00",1
123,123,10,"1900-01-01",NULL,"","2026-01-19 08:29:16.92376+00",1,"2026-01-19 08:29:16.92376+00",1
124,124,4,"1900-01-01",NULL,"","2026-01-19 08:29:16.92376+00",1,"2026-01-19 08:29:16.92376+00",1
125,125,10,"1900-01-01",NULL,"","2026-01-19 08:29:16.92376+00",1,"2026-01-19 08:29:16.92376+00",1
126,126,10,"1900-01-01",NULL,"","2026-01-19 08:29:16.92376+00",1,"2026-01-19 08:29:16.92376+00",1
127,127,11,"1900-01-01",NULL,"","2026-01-19 08:29:16.92376+00",1,"2026-01-19 08:29:16.92376+00",1
128,128,2,"1900-01-01",NULL,"","2026-01-19 08:29:16.92376+00",1,"2026-01-19 08:29:16.92376+00",1
129,129,4,"1900-01-01",NULL,"","2026-01-19 08:29:16.92376+00",1,"2026-01-19 08:29:16.92376+00",1
130,130,3,"1900-01-01",NULL,"","2026-01-19 08:29:16.92376+00",1,"2026-01-19 13:21:00+00",2
131,131,10,"1900-01-01",NULL,"","2026-01-19 08:29:16.92376+00",1,"2026-01-19 08:29:16.92376+00",1
132,132,2,"1900-01-01",NULL,"","2026-01-19 08:29:16.92376+00",1,"2026-01-19 08:29:16.92376+00",1
133,133,6,"1900-01-01",NULL,"","2026-01-19 08:29:16.92376+00",1,"2026-01-19 08:29:16.92376+00",1
134,134,3,"1900-01-01",NULL,"","2026-01-19 08:29:16.92376+00",1,"2026-01-19 08:29:16.92376+00",1
135,135,10,"1900-01-01",NULL,"","2026-01-19 08:29:16.92376+00",1,"2026-01-19 08:29:16.92376+00",1
136,136,11,"1900-01-01",NULL,"","2026-01-19 08:29:16.92376+00",1,"2026-01-19 08:29:16.92376+00",1
137,137,10,"1900-01-01",NULL,"","2026-01-19 08:29:16.92376+00",1,"2026-01-19 08:29:16.92376+00",1
138,138,2,"1900-01-01",NULL,"","2026-01-19 08:29:16.92376+00",1,"2026-01-19 08:29:16.92376+00",1
139,139,10,"1900-01-01",NULL,"","2026-01-19 08:29:16.92376+00",1,"2026-01-19 08:29:16.92376+00",1
140,140,11,"1900-01-01",NULL,"","2026-01-19 08:29:16.92376+00",1,"2026-01-19 08:29:16.92376+00",1
141,141,2,"1900-01-01",NULL,"","2026-01-19 08:29:16.92376+00",1,"2026-01-19 10:03:43+00",2
142,142,4,"1900-01-01",NULL,"","2026-01-19 08:29:16.92376+00",1,"2026-01-19 08:29:16.92376+00",1
143,143,2,"1900-01-01",NULL,"","2026-01-19 08:29:16.92376+00",1,"2026-01-19 08:29:16.92376+00",1
144,144,10,"1900-01-01",NULL,"","2026-01-19 08:29:16.92376+00",1,"2026-01-19 08:29:16.92376+00",1
145,145,10,"1900-01-01",NULL,"","2026-01-19 08:29:16.92376+00",1,"2026-01-19 08:29:16.92376+00",1
146,146,10,"1900-01-01",NULL,"","2026-01-19 08:29:16.92376+00",1,"2026-01-19 08:29:16.92376+00",1
147,147,10,"1900-01-01",NULL,"","2026-01-19 08:29:16.92376+00",1,"2026-01-19 08:29:16.92376+00",1
148,148,8,"1900-01-01",NULL,"","2026-01-19 08:29:16.92376+00",1,"2026-01-19 09:41:58+00",2
149,149,2,"1900-01-01",NULL,"","2026-01-19 08:29:16.92376+00",1,"2026-01-19 08:29:16.92376+00",1
150,150,10,"1900-01-01",NULL,"","2026-01-19 08:29:16.92376+00",1,"2026-01-19 08:29:16.92376+00",1
151,151,10,"1900-01-01",NULL,"","2026-01-19 08:29:16.92376+00",1,"2026-01-19 08:29:16.92376+00",1
152,152,4,"1900-01-01",NULL,"","2026-01-19 08:29:16.92376+00",1,"2026-01-19 08:29:16.92376+00",1
153,153,10,"1900-01-01",NULL,"","2026-01-19 08:29:16.92376+00",1,"2026-01-19 08:29:16.92376+00",1
154,154,8,"1900-01-01",NULL,"","2026-01-19 08:29:16.92376+00",1,"2026-01-19 09:43:14+00",2
155,155,10,"1900-01-01",NULL,"","2026-01-19 08:29:16.92376+00",1,"2026-01-19 08:29:16.92376+00",1
156,156,10,"1900-01-01",NULL,"","2026-01-19 08:29:16.92376+00",1,"2026-01-19 08:29:16.92376+00",1
157,157,2,"1900-01-01",NULL,"","2026-01-19 08:29:16.92376+00",1,"2026-01-19 08:29:16.92376+00",1
158,158,10,"1900-01-01",NULL,"","2026-01-19 08:29:16.92376+00",1,"2026-01-19 08:29:16.92376+00",1
159,159,11,"1900-01-01",NULL,"","2026-01-19 08:29:16.92376+00",1,"2026-01-19 08:29:16.92376+00",1
160,160,10,"1900-01-01",NULL,"","2026-01-19 08:29:16.92376+00",1,"2026-01-19 08:29:16.92376+00",1
161,161,2,"1900-01-01",NULL,"","2026-01-19 08:29:16.92376+00",1,"2026-01-19 08:29:16.92376+00",1
162,162,2,"1900-01-01",NULL,"","2026-01-19 08:29:16.92376+00",1,"2026-01-19 08:29:16.92376+00",1
163,163,10,"1900-01-01",NULL,"","2026-01-19 08:29:16.92376+00",1,"2026-01-19 08:29:16.92376+00",1
164,164,10,"1900-01-01",NULL,"","2026-01-19 08:29:16.92376+00",1,"2026-01-19 08:29:16.92376+00",1
165,165,2,"1900-01-01",NULL,"","2026-01-19 08:29:16.92376+00",1,"2026-01-19 08:29:16.92376+00",1
166,166,10,"1900-01-01",NULL,"","2026-01-19 08:29:16.92376+00",1,"2026-01-19 08:29:16.92376+00",1
167,167,10,"1900-01-01",NULL,"","2026-01-19 08:29:16.92376+00",1,"2026-01-19 08:29:16.92376+00",1
168,168,10,"1900-01-01",NULL,"","2026-01-19 08:29:16.92376+00",1,"2026-01-19 08:29:16.92376+00",1
169,169,11,"1900-01-01",NULL,"","2026-01-19 08:29:16.92376+00",1,"2026-01-19 08:29:16.92376+00",1
170,170,3,"1900-01-01",NULL,"","2026-01-19 08:29:16.92376+00",1,"2026-01-19 08:29:16.92376+00",1
171,171,10,"1900-01-01",NULL,"","2026-01-19 08:29:16.92376+00",1,"2026-01-19 08:29:16.92376+00",1
172,172,3,"1900-01-01",NULL,"","2026-01-19 08:29:16.92376+00",1,"2026-01-19 08:29:16.92376+00",1
173,173,10,"1900-01-01",NULL,"","2026-01-19 08:29:16.92376+00",1,"2026-01-19 08:29:16.92376+00",1
174,174,11,"1900-01-01",NULL,"","2026-01-19 08:29:16.92376+00",1,"2026-01-19 08:29:16.92376+00",1
175,175,10,"1900-01-01",NULL,"","2026-01-19 08:29:16.92376+00",1,"2026-01-19 08:29:16.92376+00",1
176,176,2,"1900-01-01",NULL,"","2026-01-19 08:29:16.92376+00",1,"2026-01-19 08:29:16.92376+00",1
177,177,11,"1900-01-01",NULL,"","2026-01-19 08:29:16.92376+00",1,"2026-01-19 08:29:16.92376+00",1
178,178,4,"1900-01-01",NULL,"","2026-01-19 08:29:16.92376+00",1,"2026-01-19 08:29:16.92376+00",1
179,179,4,"1900-01-01",NULL,"","2026-01-19 08:29:16.92376+00",1,"2026-01-19 08:29:16.92376+00",1
180,180,10,"1900-01-01",NULL,"","2026-01-19 08:29:16.92376+00",1,"2026-01-19 08:29:16.92376+00",1
181,181,4,"1900-01-01",NULL,"","2026-01-19 08:29:16.92376+00",1,"2026-01-19 08:29:16.92376+00",1
182,182,10,"1900-01-01",NULL,"","2026-01-19 08:29:16.92376+00",1,"2026-01-19 08:29:16.92376+00",1
183,183,9,"1900-01-01",NULL,"","2026-01-19 08:29:16.92376+00",1,"2026-01-19 08:29:16.92376+00",1
184,184,2,"1900-01-01",NULL,"","2026-01-19 08:29:16.92376+00",1,"2026-01-19 08:29:16.92376+00",1
185,185,2,"1900-01-01",NULL,"","2026-01-19 08:29:16.92376+00",1,"2026-01-19 08:29:16.92376+00",1
186,186,6,"1900-01-01",NULL,"","2026-01-19 08:29:16.92376+00",1,"2026-01-19 08:29:16.92376+00",1
187,187,3,"1900-01-01",NULL,"","2026-01-19 08:29:16.92376+00",1,"2026-01-19 08:29:16.92376+00",1
188,188,10,"1900-01-01",NULL,"","2026-01-19 08:29:16.92376+00",1,"2026-01-19 08:29:16.92376+00",1
189,189,10,"1900-01-01",NULL,"","2026-01-19 08:29:16.92376+00",1,"2026-01-19 08:29:16.92376+00",1
190,190,6,"1900-01-01",NULL,"","2026-01-19 08:29:16.92376+00",1,"2026-01-19 08:29:16.92376+00",1
191,191,2,"1900-01-01",NULL,"","2026-01-19 08:29:16.92376+00",1,"2026-01-19 08:29:16.92376+00",1
192,192,11,"1900-01-01",NULL,"","2026-01-19 08:29:16.92376+00",1,"2026-01-19 08:29:16.92376+00",1
193,193,2,"1900-01-01",NULL,"","2026-01-19 08:29:16.92376+00",1,"2026-01-19 08:29:16.92376+00",1
194,194,10,"1900-01-01",NULL,"","2026-01-19 08:29:16.92376+00",1,"2026-01-19 08:29:16.92376+00",1
195,195,10,"1900-01-01",NULL,"","2026-01-19 08:29:16.92376+00",1,"2026-01-19 08:29:16.92376+00",1
196,196,11,"1900-01-01",NULL,"","2026-01-19 08:29:16.92376+00",1,"2026-01-19 08:29:16.92376+00",1
197,197,10,"1900-01-01",NULL,"","2026-01-19 08:29:16.92376+00",1,"2026-01-19 08:29:16.92376+00",1
198,198,2,"1900-01-01",NULL,"","2026-01-19 08:29:16.92376+00",1,"2026-01-19 08:29:16.92376+00",1
199,199,4,"1900-01-01",NULL,"","2026-01-19 08:29:16.92376+00",1,"2026-01-19 08:29:16.92376+00",1
200,200,2,"1900-01-01",NULL,"","2026-01-19 08:29:16.92376+00",1,"2026-01-19 08:29:16.92376+00",1
201,201,4,"1900-01-01",NULL,"","2026-01-19 08:29:16.92376+00",1,"2026-01-19 08:29:16.92376+00",1
202,202,2,"1900-01-01",NULL,"","2026-01-19 08:29:16.92376+00",1,"2026-01-19 08:29:16.92376+00",1
203,203,10,"1900-01-01",NULL,"","2026-01-19 08:29:16.92376+00",1,"2026-01-19 08:29:16.92376+00",1
204,204,4,"1900-01-01",NULL,"","2026-01-19 08:29:16.92376+00",1,"2026-01-19 08:29:16.92376+00",1
205,205,2,"1900-01-01",NULL,"","2026-01-19 08:29:16.92376+00",1,"2026-01-19 08:29:16.92376+00",1
206,206,10,"1900-01-01",NULL,"","2026-01-19 08:29:16.92376+00",1,"2026-01-19 08:29:16.92376+00",1
207,207,4,"1900-01-01",NULL,"","2026-01-19 08:29:16.92376+00",1,"2026-01-19 08:29:16.92376+00",1
208,208,11,"1900-01-01",NULL,"","2026-01-19 08:29:16.92376+00",1,"2026-01-19 08:29:16.92376+00",1
209,209,6,"1900-01-01",NULL,"","2026-01-19 08:29:16.92376+00",1,"2026-01-19 08:29:16.92376+00",1
210,210,10,"1900-01-01",NULL,"","2026-01-19 08:29:16.92376+00",1,"2026-01-19 08:29:16.92376+00",1
211,211,2,"1900-01-01",NULL,"","2026-01-19 08:29:16.92376+00",1,"2026-01-19 08:29:16.92376+00",1
212,212,10,"1900-01-01",NULL,"","2026-01-19 08:29:16.92376+00",1,"2026-01-19 08:29:16.92376+00",1
213,213,2,"1900-01-01",NULL,"","2026-01-19 08:29:16.92376+00",1,"2026-01-19 08:29:16.92376+00",1
214,214,10,"1900-01-01",NULL,"","2026-01-19 08:29:16.92376+00",1,"2026-01-19 08:29:16.92376+00",1
215,215,4,"1900-01-01",NULL,"","2026-01-19 08:29:16.92376+00",1,"2026-01-19 08:29:16.92376+00",1
216,216,11,"1900-01-01",NULL,"","2026-01-19 08:29:16.92376+00",1,"2026-01-19 08:29:16.92376+00",1
217,217,10,"1900-01-01",NULL,"","2026-01-19 08:29:16.92376+00",1,"2026-01-19 08:29:16.92376+00",1
218,218,2,"1900-01-01",NULL,"","2026-01-19 08:29:16.92376+00",1,"2026-01-19 08:29:16.92376+00",1
219,219,4,"1900-01-01",NULL,"","2026-01-19 08:29:16.92376+00",1,"2026-01-19 08:29:16.92376+00",1
220,220,4,"1900-01-01",NULL,"","2026-01-19 08:29:16.92376+00",1,"2026-01-19 08:29:16.92376+00",1
221,221,10,"1900-01-01",NULL,"","2026-01-19 08:29:16.92376+00",1,"2026-01-19 08:29:16.92376+00",1
222,222,10,"1900-01-01",NULL,"","2026-01-19 08:29:16.92376+00",1,"2026-01-19 08:29:16.92376+00",1
223,223,10,"1900-01-01",NULL,"","2026-01-19 08:29:16.92376+00",1,"2026-01-19 08:29:16.92376+00",1
224,224,2,"1900-01-01",NULL,"","2026-01-19 08:29:16.92376+00",1,"2026-01-19 08:29:16.92376+00",1
225,225,11,"1900-01-01",NULL,"","2026-01-19 08:29:16.92376+00",1,"2026-01-19 08:29:16.92376+00",1
226,226,2,"1900-01-01",NULL,"","2026-01-19 08:29:16.92376+00",1,"2026-01-19 08:29:16.92376+00",1
227,227,10,"1900-01-01",NULL,"","2026-01-19 08:29:16.92376+00",1,"2026-01-19 08:29:16.92376+00",1
228,228,10,"1900-01-01",NULL,"","2026-01-19 08:29:16.92376+00",1,"2026-01-19 08:29:16.92376+00",1
229,229,2,"1900-01-01",NULL,"","2026-01-19 08:29:16.92376+00",1,"2026-01-19 08:29:16.92376+00",1
230,230,10,"1900-01-01",NULL,"","2026-01-19 08:29:16.92376+00",1,"2026-01-19 08:29:16.92376+00",1
231,231,10,"1900-01-01",NULL,"","2026-01-19 08:29:16.92376+00",1,"2026-01-19 08:29:16.92376+00",1
232,232,10,"1900-01-01",NULL,"","2026-01-19 08:29:16.92376+00",1,"2026-01-19 08:29:16.92376+00",1
233,233,10,"1900-01-01",NULL,"","2026-01-19 08:29:16.92376+00",1,"2026-01-19 08:29:16.92376+00",1
234,234,2,"1900-01-01",NULL,"","2026-01-19 08:29:16.92376+00",1,"2026-01-19 08:29:16.92376+00",1
235,235,2,"1900-01-01",NULL,"","2026-01-19 08:29:16.92376+00",1,"2026-01-19 08:29:16.92376+00",1
236,236,2,"1900-01-01",NULL,"","2026-01-19 08:29:16.92376+00",1,"2026-01-19 08:29:16.92376+00",1
237,237,10,"1900-01-01",NULL,"","2026-01-19 08:29:16.92376+00",1,"2026-01-19 08:29:16.92376+00",1
238,238,10,"1900-01-01",NULL,"","2026-01-19 08:29:16.92376+00",1,"2026-01-19 08:29:16.92376+00",1
239,239,10,"1900-01-01",NULL,"","2026-01-19 08:29:16.92376+00",1,"2026-01-19 08:29:16.92376+00",1
240,240,2,"1900-01-01",NULL,"","2026-01-19 08:29:16.92376+00",1,"2026-01-19 08:29:16.92376+00",1
241,241,2,"1900-01-01",NULL,"","2026-01-19 08:29:16.92376+00",1,"2026-01-19 08:29:16.92376+00",1
242,242,10,"1900-01-01",NULL,"","2026-01-19 08:29:16.92376+00",1,"2026-01-19 08:29:16.92376+00",1
243,243,10,"1900-01-01",NULL,"","2026-01-19 08:29:16.92376+00",1,"2026-01-19 08:29:16.92376+00",1
244,244,10,"1900-01-01",NULL,"","2026-01-19 08:29:16.92376+00",1,"2026-01-19 08:29:16.92376+00",1
245,245,10,"1900-01-01",NULL,"","2026-01-19 08:29:16.92376+00",1,"2026-01-19 08:29:16.92376+00",1
246,246,10,"1900-01-01",NULL,"","2026-01-19 08:29:16.92376+00",1,"2026-01-19 08:29:16.92376+00",1
247,247,10,"1900-01-01",NULL,"","2026-01-19 08:29:16.92376+00",1,"2026-01-19 08:29:16.92376+00",1
248,248,10,"1900-01-01",NULL,"","2026-01-19 08:29:16.92376+00",1,"2026-01-19 08:29:16.92376+00",1
249,249,11,"1900-01-01",NULL,"","2026-01-19 08:29:16.92376+00",1,"2026-01-19 08:29:16.92376+00",1
250,250,4,"1900-01-01",NULL,"","2026-01-19 08:29:16.92376+00",1,"2026-01-19 08:29:16.92376+00",1
251,251,10,"1900-01-01",NULL,"","2026-01-19 08:29:16.92376+00",1,"2026-01-19 08:29:16.92376+00",1
252,252,10,"1900-01-01",NULL,"","2026-01-19 08:29:16.92376+00",1,"2026-01-19 08:29:16.92376+00",1
253,253,2,"1900-01-01",NULL,"","2026-01-19 08:29:16.92376+00",1,"2026-01-19 08:29:16.92376+00",1
254,254,2,"1900-01-01",NULL,"","2026-01-19 08:29:16.92376+00",1,"2026-01-19 08:29:16.92376+00",1
255,255,2,"1900-01-01",NULL,"","2026-01-19 08:29:16.92376+00",1,"2026-01-19 08:29:16.92376+00",1
256,256,2,"1900-01-01",NULL,"","2026-01-19 08:29:16.92376+00",1,"2026-01-19 08:29:16.92376+00",1
257,257,10,"1900-01-01",NULL,"","2026-01-19 08:29:16.92376+00",1,"2026-01-19 08:29:16.92376+00",1
258,258,10,"1900-01-01",NULL,"","2026-01-19 08:29:16.92376+00",1,"2026-01-19 08:29:16.92376+00",1
259,259,2,"1900-01-01",NULL,"","2026-01-19 08:29:16.92376+00",1,"2026-01-19 08:29:16.92376+00",1
260,260,10,"1900-01-01",NULL,"","2026-01-19 08:29:16.92376+00",1,"2026-01-19 08:29:16.92376+00",1
261,261,10,"1900-01-01",NULL,"","2026-01-19 08:29:16.92376+00",1,"2026-01-19 08:29:16.92376+00",1
262,262,4,"1900-01-01",NULL,"","2026-01-19 08:29:16.92376+00",1,"2026-01-19 08:29:16.92376+00",1
263,263,10,"1900-01-01",NULL,"","2026-01-19 08:29:16.92376+00",1,"2026-01-19 08:29:16.92376+00",1
264,264,2,"1900-01-01",NULL,"","2026-01-19 08:29:16.92376+00",1,"2026-01-19 08:29:16.92376+00",1
265,265,2,"1900-01-01",NULL,"","2026-01-19 08:29:16.92376+00",1,"2026-01-19 08:29:16.92376+00",1
266,266,2,"1900-01-01",NULL,"","2026-01-19 08:29:16.92376+00",1,"2026-01-19 08:29:16.92376+00",1
267,267,10,"1900-01-01",NULL,"","2026-01-19 08:29:16.92376+00",1,"2026-01-19 08:29:16.92376+00",1
268,268,2,"1900-01-01",NULL,"","2026-01-19 08:29:16.92376+00",1,"2026-01-19 08:29:16.92376+00",1
269,269,10,"1900-01-01",NULL,"","2026-01-19 08:29:16.92376+00",1,"2026-01-19 08:29:16.92376+00",1
270,270,2,"1900-01-01",NULL,"","2026-01-19 08:29:16.92376+00",1,"2026-01-19 08:29:16.92376+00",1
271,271,4,"1900-01-01",NULL,"","2026-01-19 08:29:16.92376+00",1,"2026-01-19 08:29:16.92376+00",1
272,272,10,"1900-01-01",NULL,"","2026-01-19 08:29:16.92376+00",1,"2026-01-19 08:29:16.92376+00",1
273,273,2,"1900-01-01",NULL,"","2026-01-19 08:29:16.92376+00",1,"2026-01-19 08:29:16.92376+00",1
274,274,10,"1900-01-01",NULL,"","2026-01-19 08:29:16.92376+00",1,"2026-01-19 08:29:16.92376+00",1
275,275,4,"1900-01-01",NULL,"","2026-01-19 08:29:16.92376+00",1,"2026-01-19 08:29:16.92376+00",1
276,276,10,"1900-01-01",NULL,"","2026-01-19 08:29:16.92376+00",1,"2026-01-19 08:29:16.92376+00",1
277,277,4,"1900-01-01",NULL,"","2026-01-19 08:29:16.92376+00",1,"2026-01-19 08:29:16.92376+00",1
278,278,10,"1900-01-01",NULL,"","2026-01-19 08:29:16.92376+00",1,"2026-01-19 08:29:16.92376+00",1
279,279,10,"1900-01-01",NULL,"","2026-01-19 08:29:16.92376+00",1,"2026-01-19 08:29:16.92376+00",1
280,280,10,"1900-01-01",NULL,"","2026-01-19 08:29:16.92376+00",1,"2026-01-19 08:29:16.92376+00",1
281,281,10,"1900-01-01",NULL,"","2026-01-19 08:29:16.92376+00",1,"2026-01-19 08:29:16.92376+00",1
282,282,8,"1900-01-01",NULL,"","2026-01-19 08:29:16.92376+00",1,"2026-01-19 08:29:16.92376+00",1
283,283,2,"1900-01-01",NULL,"","2026-01-19 08:29:16.92376+00",1,"2026-01-19 08:29:16.92376+00",1
284,284,10,"1900-01-01",NULL,"","2026-01-19 08:29:16.92376+00",1,"2026-01-19 08:29:16.92376+00",1
285,285,2,"1900-01-01",NULL,"","2026-01-19 08:29:16.92376+00",1,"2026-01-19 08:29:16.92376+00",1
286,286,2,"1900-01-01",NULL,"","2026-01-19 08:29:16.92376+00",1,"2026-01-19 08:29:16.92376+00",1
287,287,2,"1900-01-01",NULL,"","2026-01-19 08:29:16.92376+00",1,"2026-01-19 08:29:16.92376+00",1
288,288,2,"1900-01-01",NULL,"","2026-01-19 08:29:16.92376+00",1,"2026-01-19 08:29:16.92376+00",1
289,289,8,"1900-01-01",NULL,"","2026-01-19 08:29:16.92376+00",1,"2026-01-19 08:29:16.92376+00",1
290,290,4,"1900-01-01",NULL,"","2026-01-19 08:29:16.92376+00",1,"2026-01-19 08:29:16.92376+00",1
291,291,2,"1900-01-01",NULL,"","2026-01-19 08:29:16.92376+00",1,"2026-01-19 08:29:16.92376+00",1
292,292,4,"1900-01-01",NULL,"","2026-01-19 08:29:16.92376+00",1,"2026-01-19 08:29:16.92376+00",1
293,293,2,"1900-01-01",NULL,"","2026-01-19 08:29:16.92376+00",1,"2026-01-19 08:29:16.92376+00",1
294,294,10,"1900-01-01",NULL,"","2026-01-19 08:29:16.92376+00",1,"2026-01-19 08:29:16.92376+00",1
295,295,2,"1900-01-01",NULL,"","2026-01-19 08:29:16.92376+00",1,"2026-01-19 08:29:16.92376+00",1
296,296,2,"1900-01-01",NULL,"","2026-01-19 08:29:16.92376+00",1,"2026-01-19 08:29:16.92376+00",1
297,297,2,"1900-01-01",NULL,"","2026-01-19 08:29:16.92376+00",1,"2026-01-19 08:29:16.92376+00",1
298,298,2,"1900-01-01",NULL,"","2026-01-19 08:29:16.92376+00",1,"2026-01-19 08:29:16.92376+00",1
299,299,10,"1900-01-01",NULL,"","2026-01-19 08:29:16.92376+00",1,"2026-01-19 08:29:16.92376+00",1
300,300,10,"1900-01-01",NULL,"","2026-01-19 08:29:16.92376+00",1,"2026-01-19 08:29:16.92376+00",1
301,301,10,"1900-01-01",NULL,"","2026-01-19 08:29:16.92376+00",1,"2026-01-19 08:29:16.92376+00",1
302,302,4,"1900-01-01",NULL,"","2026-01-19 08:29:16.92376+00",1,"2026-01-19 08:29:16.92376+00",1
303,303,2,"1900-01-01",NULL,"","2026-01-19 08:29:16.92376+00",1,"2026-01-19 08:29:16.92376+00",1
304,304,2,"1900-01-01",NULL,"","2026-01-19 08:29:16.92376+00",1,"2026-01-19 08:29:16.92376+00",1
305,305,2,"1900-01-01",NULL,"","2026-01-19 08:29:16.92376+00",1,"2026-01-19 08:29:16.92376+00",1
306,306,4,"1900-01-01",NULL,"","2026-01-19 08:29:16.92376+00",1,"2026-01-19 08:29:16.92376+00",1
307,307,4,"1900-01-01",NULL,"","2026-01-19 08:29:16.92376+00",1,"2026-01-19 08:29:16.92376+00",1
308,308,4,"1900-01-01",NULL,"","2026-01-19 08:29:16.92376+00",1,"2026-01-19 08:29:16.92376+00",1
309,309,2,"1900-01-01",NULL,"","2026-01-19 08:29:16.92376+00",1,"2026-01-19 08:29:16.92376+00",1
310,310,2,"1900-01-01",NULL,"","2026-01-19 08:29:16.92376+00",1,"2026-01-19 08:29:16.92376+00",1
311,311,10,"1900-01-01",NULL,"","2026-01-19 08:29:16.92376+00",1,"2026-01-19 08:29:16.92376+00",1
312,312,2,"1900-01-01",NULL,"","2026-01-19 08:29:16.92376+00",1,"2026-01-19 08:29:16.92376+00",1
313,313,10,"1900-01-01",NULL,"","2026-01-19 08:29:16.92376+00",1,"2026-01-19 08:29:16.92376+00",1
314,314,2,"1900-01-01",NULL,"","2026-01-19 08:29:16.92376+00",1,"2026-01-19 08:29:16.92376+00",1
315,315,10,"1900-01-01",NULL,"","2026-01-19 08:29:16.92376+00",1,"2026-01-19 08:29:16.92376+00",1
316,316,2,"1900-01-01",NULL,"","2026-01-19 08:29:16.92376+00",1,"2026-01-19 08:29:16.92376+00",1
317,317,2,"1900-01-01",NULL,"","2026-01-19 08:29:16.92376+00",1,"2026-01-19 08:29:16.92376+00",1
318,318,8,"1900-01-01",NULL,"","2026-01-19 08:29:16.92376+00",1,"2026-01-19 08:29:16.92376+00",1
319,319,10,"1900-01-01",NULL,"","2026-01-19 08:29:16.92376+00",1,"2026-01-19 08:29:16.92376+00",1
320,320,2,"1900-01-01",NULL,"","2026-01-19 08:29:16.92376+00",1,"2026-01-19 08:29:16.92376+00",1
321,321,2,"1900-01-01",NULL,"","2026-01-19 08:29:16.92376+00",1,"2026-01-19 08:29:16.92376+00",1
322,322,10,"1900-01-01",NULL,"","2026-01-19 08:29:16.92376+00",1,"2026-01-19 08:29:16.92376+00",1
323,323,2,"1900-01-01",NULL,"","2026-01-19 08:29:16.92376+00",1,"2026-01-19 08:29:16.92376+00",1
324,324,10,"1900-01-01",NULL,"","2026-01-19 08:29:16.92376+00",1,"2026-01-19 08:29:16.92376+00",1
325,325,2,"1900-01-01",NULL,"","2026-01-19 08:29:16.92376+00",1,"2026-01-19 08:29:16.92376+00",1
326,326,10,"1900-01-01",NULL,"","2026-01-19 08:29:16.92376+00",1,"2026-01-19 08:29:16.92376+00",1
327,327,10,"1900-01-01",NULL,"","2026-01-19 08:29:16.92376+00",1,"2026-01-19 08:29:16.92376+00",1
328,328,10,"1900-01-01",NULL,"","2026-01-19 08:29:16.92376+00",1,"2026-01-19 08:29:16.92376+00",1
329,329,2,"1900-01-01",NULL,"","2026-01-19 08:29:16.92376+00",1,"2026-01-19 08:29:16.92376+00",1
330,330,2,"1900-01-01",NULL,"","2026-01-19 08:29:16.92376+00",1,"2026-01-19 08:29:16.92376+00",1
331,331,8,"1900-01-01",NULL,"","2026-01-19 08:29:16.92376+00",1,"2026-01-19 08:29:16.92376+00",1
332,332,10,"1900-01-01",NULL,"","2026-01-19 08:29:16.92376+00",1,"2026-01-19 08:29:16.92376+00",1
333,333,2,"1900-01-01",NULL,"","2026-01-19 08:29:16.92376+00",1,"2026-01-19 08:29:16.92376+00",1
334,334,2,"1900-01-01",NULL,"","2026-01-19 08:29:16.92376+00",1,"2026-01-19 08:29:16.92376+00",1
335,335,6,"1900-01-01",NULL,"","2026-01-19 08:29:16.92376+00",1,"2026-01-19 08:29:16.92376+00",1
336,336,10,"1900-01-01",NULL,"","2026-01-19 08:29:16.92376+00",1,"2026-01-19 08:29:16.92376+00",1
337,337,10,"1900-01-01",NULL,"","2026-01-19 08:29:16.92376+00",1,"2026-01-19 08:29:16.92376+00",1
338,338,10,"1900-01-01",NULL,"","2026-01-19 08:29:16.92376+00",1,"2026-01-19 08:29:16.92376+00",1
339,339,10,"1900-01-01",NULL,"","2026-01-19 08:29:16.92376+00",1,"2026-01-19 08:29:16.92376+00",1
340,340,5,"1900-01-01",NULL,"","2026-01-19 08:29:16.92376+00",1,"2026-01-19 08:29:16.92376+00",1
341,341,5,"1900-01-01",NULL,"","2026-01-19 08:29:16.92376+00",1,"2026-01-19 08:29:16.92376+00",1
342,342,4,"1900-01-01",NULL,"","2026-01-19 08:29:16.92376+00",1,"2026-01-19 08:29:16.92376+00",1
343,343,7,"1900-01-01",NULL,"","2026-01-19 08:29:16.92376+00",1,"2026-01-19 08:29:16.92376+00",1
344,344,10,"1900-01-01",NULL,"","2026-01-19 08:29:16.92376+00",1,"2026-01-19 08:29:16.92376+00",1
345,345,2,"1900-01-01",NULL,"","2026-01-19 08:29:16.92376+00",1,"2026-01-19 08:29:16.92376+00",1
346,346,2,"1900-01-01",NULL,"","2026-01-19 08:29:16.92376+00",1,"2026-01-19 08:29:16.92376+00",1
347,347,10,"1900-01-01",NULL,"","2026-01-19 08:29:16.92376+00",1,"2026-01-19 08:29:16.92376+00",1
348,348,8,"1900-01-01",NULL,"","2026-01-19 08:29:16.92376+00",1,"2026-01-19 08:29:16.92376+00",1
349,349,6,"1900-01-01",NULL,"","2026-01-19 08:29:16.92376+00",1,"2026-01-19 08:29:16.92376+00",1
