"id","role","forest_id","person_id","valid_from","valid_to","note","created_at","created_by","updated_at","updated_by"
1,1,1,80,"1900-01-01",NULL,"","2026-01-17 07:20:12.566443+00",1,"2026-01-17 07:20:12.566443+00",1
2,2,1,79,"1900-01-01",NULL,"","2026-01-17 07:20:12.566443+00",1,"2026-01-17 07:20:12.566443+00",1
3,1,2,83,"1900-01-01",NULL,"","2026-01-17 07:20:12.566443+00",1,"2026-01-17 07:20:12.566443+00",1
4,2,2,27,"1900-01-01",NULL,"","2026-01-17 07:20:12.566443+00",1,"2026-01-17 07:20:12.566443+00",1
5,1,3,13,"1900-01-01",NULL,"","2026-01-17 07:20:12.566443+00",1,"2026-01-17 07:20:12.566443+00",1
6,2,3,13,"1900-01-01",NULL,"","2026-01-17 07:20:12.566443+00",1,"2026-01-17 07:20:12.566443+00",1
7,1,4,81,"1900-01-01",NULL,"","2026-01-17 07:20:12.566443+00",1,"2026-01-17 07:20:12.566443+00",1
8,2,4,29,"1900-01-01",NULL,"","2026-01-17 07:20:12.566443+00",1,"2026-01-17 07:20:12.566443+00",1
9,1,5,12,"1900-01-01",NULL,"","2026-01-17 07:20:12.566443+00",1,"2026-01-17 07:20:12.566443+00",1
10,2,5,12,"1900-01-01",NULL,"","2026-01-17 07:20:12.566443+00",1,"2026-01-17 07:20:12.566443+00",1
11,1,6,9,"1900-01-01",NULL,"","2026-01-17 07:20:12.566443+00",1,"2026-01-17 07:20:12.566443+00",1
12,2,6,9,"1900-01-01",NULL,"","2026-01-17 07:20:12.566443+00",1,"2026-01-17 07:20:12.566443+00",1
13,1,7,82,"1900-01-01",NULL,"","2026-01-17 07:20:12.566443+00",1,"2026-01-17 07:20:12.566443+00",1
14,2,7,8,"1900-01-01",NULL,"","2026-01-17 07:20:12.566443+00",1,"2026-01-17 07:20:12.566443+00",1
15,1,8,24,"1900-01-01",NULL,"","2026-01-17 07:20:12.566443+00",1,"2026-01-17 07:20:12.566443+00",1
16,2,8,24,"1900-01-01",NULL,"","2026-01-17 07:20:12.566443+00",1,"2026-01-17 07:20:12.566443+00",1
17,1,9,83,"1900-01-01",NULL,"","2026-01-17 07:20:12.566443+00",1,"2026-01-17 07:20:12.566443+00",1
18,2,9,27,"1900-01-01",NULL,"","2026-01-17 07:20:12.566443+00",1,"2026-01-17 07:20:12.566443+00",1
19,1,10,13,"1900-01-01",NULL,"","2026-01-17 07:20:12.566443+00",1,"2026-01-17 07:20:12.566443+00",1
20,2,10,13,"1900-01-01",NULL,"","2026-01-17 07:20:12.566443+00",1,"2026-01-17 07:20:12.566443+00",1
21,1,11,13,"1900-01-01",NULL,"","2026-01-17 07:20:12.566443+00",1,"2026-01-17 07:20:12.566443+00",1
22,2,11,13,"1900-01-01",NULL,"","2026-01-17 07:20:12.566443+00",1,"2026-01-17 07:20:12.566443+00",1
23,1,12,83,"1900-01-01",NULL,"","2026-01-17 07:20:12.566443+00",1,"2026-01-17 07:20:12.566443+00",1
24,2,12,27,"1900-01-01",NULL,"","2026-01-17 07:20:12.566443+00",1,"2026-01-17 07:20:12.566443+00",1
25,1,13,76,"1900-01-01",NULL,"","2026-01-17 07:20:12.566443+00",1,"2026-01-17 07:20:12.566443+00",1
26,2,13,3,"1900-01-01",NULL,"","2026-01-17 07:20:12.566443+00",1,"2026-01-17 07:20:12.566443+00",1
27,1,14,11,"1900-01-01",NULL,"","2026-01-17 07:20:12.566443+00",1,"2026-01-17 07:20:12.566443+00",1
28,2,14,11,"1900-01-01",NULL,"","2026-01-17 07:20:12.566443+00",1,"2026-01-17 07:20:12.566443+00",1
29,1,15,82,"1900-01-01",NULL,"","2026-01-17 07:20:12.566443+00",1,"2026-01-17 07:20:12.566443+00",1
30,2,15,23,"1900-01-01",NULL,"","2026-01-17 07:20:12.566443+00",1,"2026-01-17 07:20:12.566443+00",1
31,1,16,11,"1900-01-01",NULL,"","2026-01-17 07:20:12.566443+00",1,"2026-01-17 07:20:12.566443+00",1
32,2,16,11,"1900-01-01",NULL,"","2026-01-17 07:20:12.566443+00",1,"2026-01-17 07:20:12.566443+00",1
33,1,17,85,"1900-01-01",NULL,"","2026-01-17 07:20:12.566443+00",1,"2026-01-17 07:20:12.566443+00",1
34,2,17,23,"1900-01-01",NULL,"","2026-01-17 07:20:12.566443+00",1,"2026-01-17 07:20:12.566443+00",1
35,1,18,35,"1900-01-01",NULL,"","2026-01-17 07:20:12.566443+00",1,"2026-01-17 07:20:12.566443+00",1
36,2,18,35,"1900-01-01",NULL,"","2026-01-17 07:20:12.566443+00",1,"2026-01-17 07:20:12.566443+00",1
37,1,19,60,"1900-01-01",NULL,"","2026-01-17 07:20:12.566443+00",1,"2026-01-17 07:20:12.566443+00",1
38,2,19,60,"1900-01-01",NULL,"","2026-01-17 07:20:12.566443+00",1,"2026-01-17 07:20:12.566443+00",1
39,1,20,7,"1900-01-01",NULL,"","2026-01-17 07:20:12.566443+00",1,"2026-01-17 07:20:12.566443+00",1
40,2,20,4,"1900-01-01",NULL,"","2026-01-17 07:20:12.566443+00",1,"2026-01-17 07:20:12.566443+00",1
41,1,21,46,"1900-01-01",NULL,"","2026-01-17 07:20:12.566443+00",1,"2026-01-17 07:20:12.566443+00",1
42,2,21,46,"1900-01-01",NULL,"","2026-01-17 07:20:12.566443+00",1,"2026-01-17 07:20:12.566443+00",1
43,1,23,83,"1900-01-01",NULL,"","2026-01-17 07:20:12.566443+00",1,"2026-01-17 07:20:12.566443+00",1
44,2,23,27,"1900-01-01",NULL,"","2026-01-17 07:20:12.566443+00",1,"2026-01-17 07:20:12.566443+00",1
45,1,24,3,"1900-01-01",NULL,"","2026-01-17 07:20:12.566443+00",1,"2026-01-17 07:20:12.566443+00",1
46,2,24,3,"1900-01-01",NULL,"","2026-01-17 07:20:12.566443+00",1,"2026-01-17 07:20:12.566443+00",1
47,1,25,77,"1900-01-01",NULL,"","2026-01-17 07:20:12.566443+00",1,"2026-01-17 07:20:12.566443+00",1
48,2,25,32,"1900-01-01",NULL,"","2026-01-17 07:20:12.566443+00",1,"2026-01-17 07:20:12.566443+00",1
49,1,26,77,"1900-01-01",NULL,"","2026-01-17 07:20:12.566443+00",1,"2026-01-17 07:20:12.566443+00",1
50,2,26,32,"1900-01-01",NULL,"","2026-01-17 07:20:12.566443+00",1,"2026-01-17 07:20:12.566443+00",1
51,1,27,81,"1900-01-01",NULL,"","2026-01-17 07:20:12.566443+00",1,"2026-01-17 07:20:12.566443+00",1
52,2,27,29,"1900-01-01",NULL,"","2026-01-17 07:20:12.566443+00",1,"2026-01-17 07:20:12.566443+00",1
53,1,28,81,"1900-01-01",NULL,"","2026-01-17 07:20:12.566443+00",1,"2026-01-17 07:20:12.566443+00",1
54,2,28,29,"1900-01-01",NULL,"","2026-01-17 07:20:12.566443+00",1,"2026-01-17 07:20:12.566443+00",1
55,1,29,35,"1900-01-01",NULL,"","2026-01-17 07:20:12.566443+00",1,"2026-01-17 07:20:12.566443+00",1
56,2,29,35,"1900-01-01",NULL,"","2026-01-17 07:20:12.566443+00",1,"2026-01-17 07:20:12.566443+00",1
57,1,30,35,"1900-01-01",NULL,"","2026-01-17 07:20:12.566443+00",1,"2026-01-17 07:20:12.566443+00",1
58,2,30,35,"1900-01-01",NULL,"","2026-01-17 07:20:12.566443+00",1,"2026-01-17 07:20:12.566443+00",1
59,1,31,80,"1900-01-01",NULL,"","2026-01-17 07:20:12.566443+00",1,"2026-01-17 07:20:12.566443+00",1
60,2,31,79,"1900-01-01",NULL,"","2026-01-17 07:20:12.566443+00",1,"2026-01-17 07:20:12.566443+00",1
61,1,32,25,"1900-01-01",NULL,"","2026-01-17 07:20:12.566443+00",1,"2026-01-17 07:20:12.566443+00",1
62,2,32,25,"1900-01-01",NULL,"","2026-01-17 07:20:12.566443+00",1,"2026-01-17 07:20:12.566443+00",1
63,1,33,5,"1900-01-01",NULL,"","2026-01-17 07:20:12.566443+00",1,"2026-01-17 07:20:12.566443+00",1
64,2,33,5,"1900-01-01",NULL,"","2026-01-17 07:20:12.566443+00",1,"2026-01-17 07:20:12.566443+00",1
65,1,34,77,"1900-01-01",NULL,"","2026-01-17 07:20:12.566443+00",1,"2026-01-17 07:20:12.566443+00",1
66,2,34,32,"1900-01-01",NULL,"","2026-01-17 07:20:12.566443+00",1,"2026-01-17 07:20:12.566443+00",1
67,1,35,81,"1900-01-01",NULL,"","2026-01-17 07:20:12.566443+00",1,"2026-01-17 07:20:12.566443+00",1
68,2,35,29,"1900-01-01",NULL,"","2026-01-17 07:20:12.566443+00",1,"2026-01-17 07:20:12.566443+00",1
69,1,36,44,"1900-01-01",NULL,"","2026-01-17 07:20:12.566443+00",1,"2026-01-17 07:20:12.566443+00",1
70,2,36,44,"1900-01-01",NULL,"","2026-01-17 07:20:12.566443+00",1,"2026-01-17 07:20:12.566443+00",1
71,1,37,28,"1900-01-01",NULL,"","2026-01-17 07:20:12.566443+00",1,"2026-01-17 07:20:12.566443+00",1
72,2,37,28,"1900-01-01",NULL,"","2026-01-17 07:20:12.566443+00",1,"2026-01-17 07:20:12.566443+00",1
73,1,38,58,"1900-01-01",NULL,"","2026-01-17 07:20:12.566443+00",1,"2026-01-17 07:20:12.566443+00",1
74,2,38,58,"1900-01-01",NULL,"","2026-01-17 07:20:12.566443+00",1,"2026-01-17 07:20:12.566443+00",1
75,1,39,28,"1900-01-01",NULL,"","2026-01-17 07:20:12.566443+00",1,"2026-01-17 07:20:12.566443+00",1
76,2,39,28,"1900-01-01",NULL,"","2026-01-17 07:20:12.566443+00",1,"2026-01-17 07:20:12.566443+00",1
77,1,40,35,"1900-01-01",NULL,"","2026-01-17 07:20:12.566443+00",1,"2026-01-17 07:20:12.566443+00",1
78,2,40,35,"1900-01-01",NULL,"","2026-01-17 07:20:12.566443+00",1,"2026-01-17 07:20:12.566443+00",1
79,1,41,33,"1900-01-01",NULL,"","2026-01-17 07:20:12.566443+00",1,"2026-01-17 07:20:12.566443+00",1
80,2,41,17,"1900-01-01",NULL,"","2026-01-17 07:20:12.566443+00",1,"2026-01-17 07:20:12.566443+00",1
81,1,42,33,"1900-01-01",NULL,"","2026-01-17 07:20:12.566443+00",1,"2026-01-17 07:20:12.566443+00",1
82,2,42,17,"1900-01-01",NULL,"","2026-01-17 07:20:12.566443+00",1,"2026-01-17 07:20:12.566443+00",1
83,1,43,78,"1900-01-01",NULL,"","2026-01-17 07:20:12.566443+00",1,"2026-01-17 07:20:12.566443+00",1
84,2,43,86,"1900-01-01",NULL,"","2026-01-17 07:20:12.566443+00",1,"2026-01-17 07:20:12.566443+00",1
85,1,44,78,"1900-01-01",NULL,"","2026-01-17 07:20:12.566443+00",1,"2026-01-17 07:20:12.566443+00",1
86,2,44,86,"1900-01-01",NULL,"","2026-01-17 07:20:12.566443+00",1,"2026-01-17 07:20:12.566443+00",1
87,1,45,21,"1900-01-01",NULL,"","2026-01-17 07:20:12.566443+00",1,"2026-01-17 07:20:12.566443+00",1
88,2,45,21,"1900-01-01",NULL,"","2026-01-17 07:20:12.566443+00",1,"2026-01-17 07:20:12.566443+00",1
89,1,46,87,"1900-01-01",NULL,"","2026-01-17 07:20:12.566443+00",1,"2026-01-17 07:20:12.566443+00",1
90,2,46,55,"1900-01-01",NULL,"","2026-01-17 07:20:12.566443+00",1,"2026-01-17 07:20:12.566443+00",1
91,1,47,87,"1900-01-01",NULL,"","2026-01-17 07:20:12.566443+00",1,"2026-01-17 07:20:12.566443+00",1
92,2,47,55,"1900-01-01",NULL,"","2026-01-17 07:20:12.566443+00",1,"2026-01-17 07:20:12.566443+00",1
93,1,48,87,"1900-01-01",NULL,"","2026-01-17 07:20:12.566443+00",1,"2026-01-17 07:20:12.566443+00",1
94,2,48,55,"1900-01-01",NULL,"","2026-01-17 07:20:12.566443+00",1,"2026-01-17 07:20:12.566443+00",1
95,1,49,10,"1900-01-01",NULL,"","2026-01-17 07:20:12.566443+00",1,"2026-01-17 07:20:12.566443+00",1
96,2,49,10,"1900-01-01",NULL,"","2026-01-17 07:20:12.566443+00",1,"2026-01-17 07:20:12.566443+00",1
97,1,50,15,"1900-01-01",NULL,"","2026-01-17 07:20:12.566443+00",1,"2026-01-17 07:20:12.566443+00",1
98,2,50,15,"1900-01-01",NULL,"","2026-01-17 07:20:12.566443+00",1,"2026-01-17 07:20:12.566443+00",1
99,1,51,88,"1900-01-01",NULL,"","2026-01-17 07:20:12.566443+00",1,"2026-01-17 07:20:12.566443+00",1
100,2,51,88,"1900-01-01",NULL,"","2026-01-17 07:20:12.566443+00",1,"2026-01-17 07:20:12.566443+00",1
101,1,52,35,"1900-01-01",NULL,"","2026-01-17 07:20:12.566443+00",1,"2026-01-17 07:20:12.566443+00",1
102,2,52,35,"1900-01-01",NULL,"","2026-01-17 07:20:12.566443+00",1,"2026-01-17 07:20:12.566443+00",1
103,1,53,88,"1900-01-01",NULL,"","2026-01-17 07:20:12.566443+00",1,"2026-01-17 07:20:12.566443+00",1
104,2,53,88,"1900-01-01",NULL,"","2026-01-17 07:20:12.566443+00",1,"2026-01-17 07:20:12.566443+00",1
105,1,54,35,"1900-01-01",NULL,"","2026-01-17 07:20:12.566443+00",1,"2026-01-17 07:20:12.566443+00",1
106,2,54,35,"1900-01-01",NULL,"","2026-01-17 07:20:12.566443+00",1,"2026-01-17 07:20:12.566443+00",1
107,1,55,50,"1900-01-01",NULL,"","2026-01-17 07:20:12.566443+00",1,"2026-01-17 07:20:12.566443+00",1
108,2,55,50,"1900-01-01",NULL,"","2026-01-17 07:20:12.566443+00",1,"2026-01-17 07:20:12.566443+00",1
109,1,56,59,"1900-01-01",NULL,"","2026-01-17 07:20:12.566443+00",1,"2026-01-17 07:20:12.566443+00",1
110,2,56,59,"1900-01-01",NULL,"","2026-01-17 07:20:12.566443+00",1,"2026-01-17 07:20:12.566443+00",1
111,1,57,50,"1900-01-01",NULL,"","2026-01-17 07:20:12.566443+00",1,"2026-01-17 07:20:12.566443+00",1
112,2,57,50,"1900-01-01",NULL,"","2026-01-17 07:20:12.566443+00",1,"2026-01-17 07:20:12.566443+00",1
113,1,58,50,"1900-01-01",NULL,"","2026-01-17 07:20:12.566443+00",1,"2026-01-17 07:20:12.566443+00",1
114,2,58,50,"1900-01-01",NULL,"","2026-01-17 07:20:12.566443+00",1,"2026-01-17 07:20:12.566443+00",1
115,1,59,83,"1900-01-01",NULL,"","2026-01-17 07:20:12.566443+00",1,"2026-01-17 07:20:12.566443+00",1
116,2,59,27,"1900-01-01",NULL,"","2026-01-17 07:20:12.566443+00",1,"2026-01-17 07:20:12.566443+00",1
117,1,60,56,"1900-01-01",NULL,"","2026-01-17 07:20:12.566443+00",1,"2026-01-17 07:20:12.566443+00",1
118,2,60,56,"1900-01-01",NULL,"","2026-01-17 07:20:12.566443+00",1,"2026-01-17 07:20:12.566443+00",1
119,1,61,50,"1900-01-01",NULL,"","2026-01-17 07:20:12.566443+00",1,"2026-01-17 07:20:12.566443+00",1
120,2,61,50,"1900-01-01",NULL,"","2026-01-17 07:20:12.566443+00",1,"2026-01-17 07:20:12.566443+00",1
121,1,62,50,"1900-01-01",NULL,"","2026-01-17 07:20:12.566443+00",1,"2026-01-17 07:20:12.566443+00",1
122,2,62,50,"1900-01-01",NULL,"","2026-01-17 07:20:12.566443+00",1,"2026-01-17 07:20:12.566443+00",1
123,1,63,56,"1900-01-01",NULL,"","2026-01-17 07:20:12.566443+00",1,"2026-01-17 07:20:12.566443+00",1
124,2,63,56,"1900-01-01",NULL,"","2026-01-17 07:20:12.566443+00",1,"2026-01-17 07:20:12.566443+00",1
125,1,64,56,"1900-01-01",NULL,"","2026-01-17 07:20:12.566443+00",1,"2026-01-17 07:20:12.566443+00",1
126,2,64,56,"1900-01-01",NULL,"","2026-01-17 07:20:12.566443+00",1,"2026-01-17 07:20:12.566443+00",1
127,1,65,50,"1900-01-01",NULL,"","2026-01-17 07:20:12.566443+00",1,"2026-01-17 07:20:12.566443+00",1
128,2,65,50,"1900-01-01",NULL,"","2026-01-17 07:20:12.566443+00",1,"2026-01-17 07:20:12.566443+00",1
129,1,66,47,"1900-01-01",NULL,"","2026-01-17 07:20:12.566443+00",1,"2026-01-17 07:20:12.566443+00",1
130,2,66,47,"1900-01-01",NULL,"","2026-01-17 07:20:12.566443+00",1,"2026-01-17 07:20:12.566443+00",1
131,1,67,82,"1900-01-01",NULL,"","2026-01-17 07:20:12.566443+00",1,"2026-01-17 07:20:12.566443+00",1
132,2,67,8,"1900-01-01",NULL,"","2026-01-17 07:20:12.566443+00",1,"2026-01-17 07:20:12.566443+00",1
133,1,68,85,"1900-01-01",NULL,"","2026-01-17 07:20:12.566443+00",1,"2026-01-17 07:20:12.566443+00",1
134,2,68,23,"1900-01-01",NULL,"","2026-01-17 07:20:12.566443+00",1,"2026-01-17 07:20:12.566443+00",1
135,1,69,83,"1900-01-01",NULL,"","2026-01-17 07:20:12.566443+00",1,"2026-01-17 07:20:12.566443+00",1
136,2,69,27,"1900-01-01",NULL,"","2026-01-17 07:20:12.566443+00",1,"2026-01-17 07:20:12.566443+00",1
137,1,70,45,"1900-01-01",NULL,"","2026-01-17 07:20:12.566443+00",1,"2026-01-17 07:20:12.566443+00",1
138,2,70,45,"1900-01-01",NULL,"","2026-01-17 07:20:12.566443+00",1,"2026-01-17 07:20:12.566443+00",1
139,1,71,33,"1900-01-01",NULL,"","2026-01-17 07:20:12.566443+00",1,"2026-01-17 07:20:12.566443+00",1
140,2,71,17,"1900-01-01",NULL,"","2026-01-17 07:20:12.566443+00",1,"2026-01-17 07:20:12.566443+00",1
141,1,72,22,"1900-01-01",NULL,"","2026-01-17 07:20:12.566443+00",1,"2026-01-17 07:20:12.566443+00",1
142,2,72,22,"1900-01-01",NULL,"","2026-01-17 07:20:12.566443+00",1,"2026-01-17 07:20:12.566443+00",1
143,1,73,2,"1900-01-01",NULL,"","2026-01-17 07:20:12.566443+00",1,"2026-01-17 07:20:12.566443+00",1
144,2,73,2,"1900-01-01",NULL,"","2026-01-17 07:20:12.566443+00",1,"2026-01-17 07:20:12.566443+00",1
145,1,74,10,"1900-01-01",NULL,"","2026-01-17 07:20:12.566443+00",1,"2026-01-17 07:20:12.566443+00",1
146,2,74,10,"1900-01-01",NULL,"","2026-01-17 07:20:12.566443+00",1,"2026-01-17 07:20:12.566443+00",1
147,1,75,88,"1900-01-01",NULL,"","2026-01-17 07:20:12.566443+00",1,"2026-01-17 07:20:12.566443+00",1
148,2,75,88,"1900-01-01",NULL,"","2026-01-17 07:20:12.566443+00",1,"2026-01-17 07:20:12.566443+00",1
149,1,76,77,"1900-01-01",NULL,"","2026-01-17 07:20:12.566443+00",1,"2026-01-17 07:20:12.566443+00",1
150,2,76,32,"1900-01-01",NULL,"","2026-01-17 07:20:12.566443+00",1,"2026-01-17 07:20:12.566443+00",1
151,1,77,35,"1900-01-01",NULL,"","2026-01-17 07:20:12.566443+00",1,"2026-01-17 07:20:12.566443+00",1
152,2,77,35,"1900-01-01",NULL,"","2026-01-17 07:20:12.566443+00",1,"2026-01-17 07:20:12.566443+00",1
153,1,78,36,"1900-01-01",NULL,"","2026-01-17 07:20:12.566443+00",1,"2026-01-17 07:20:12.566443+00",1
154,2,78,36,"1900-01-01",NULL,"","2026-01-17 07:20:12.566443+00",1,"2026-01-17 07:20:12.566443+00",1
155,1,79,8,"1900-01-01",NULL,"","2026-01-17 07:20:12.566443+00",1,"2026-01-17 07:20:12.566443+00",1
156,2,79,8,"1900-01-01",NULL,"","2026-01-17 07:20:12.566443+00",1,"2026-01-17 07:20:12.566443+00",1
157,1,80,20,"1900-01-01",NULL,"","2026-01-17 07:20:12.566443+00",1,"2026-01-17 07:20:12.566443+00",1
158,2,80,14,"1900-01-01",NULL,"","2026-01-17 07:20:12.566443+00",1,"2026-01-17 07:20:12.566443+00",1
159,1,81,85,"1900-01-01",NULL,"","2026-01-17 07:20:12.566443+00",1,"2026-01-17 07:20:12.566443+00",1
160,2,81,23,"1900-01-01",NULL,"","2026-01-17 07:20:12.566443+00",1,"2026-01-17 07:20:12.566443+00",1
161,1,82,85,"1900-01-01",NULL,"","2026-01-17 07:20:12.566443+00",1,"2026-01-17 07:20:12.566443+00",1
162,2,82,23,"1900-01-01",NULL,"","2026-01-17 07:20:12.566443+00",1,"2026-01-17 07:20:12.566443+00",1
163,1,83,83,"1900-01-01",NULL,"","2026-01-17 07:20:12.566443+00",1,"2026-01-17 07:20:12.566443+00",1
164,2,83,27,"1900-01-01",NULL,"","2026-01-17 07:20:12.566443+00",1,"2026-01-17 07:20:12.566443+00",1
165,1,84,85,"1900-01-01",NULL,"","2026-01-17 07:20:12.566443+00",1,"2026-01-17 07:20:12.566443+00",1
166,2,84,23,"1900-01-01",NULL,"","2026-01-17 07:20:12.566443+00",1,"2026-01-17 07:20:12.566443+00",1
167,1,85,13,"1900-01-01",NULL,"","2026-01-17 07:20:12.566443+00",1,"2026-01-17 07:20:12.566443+00",1
168,2,85,13,"1900-01-01",NULL,"","2026-01-17 07:20:12.566443+00",1,"2026-01-17 07:20:12.566443+00",1
169,1,86,77,"1900-01-01",NULL,"","2026-01-17 07:20:12.566443+00",1,"2026-01-17 07:20:12.566443+00",1
170,2,86,32,"1900-01-01",NULL,"","2026-01-17 07:20:12.566443+00",1,"2026-01-17 07:20:12.566443+00",1
171,1,87,1,"1900-01-01",NULL,"","2026-01-17 07:20:12.566443+00",1,"2026-01-17 07:20:12.566443+00",1
172,2,87,1,"1900-01-01",NULL,"","2026-01-17 07:20:12.566443+00",1,"2026-01-17 07:20:12.566443+00",1
173,1,88,82,"1900-01-01",NULL,"","2026-01-17 07:20:12.566443+00",1,"2026-01-17 07:20:12.566443+00",1
174,2,88,8,"1900-01-01",NULL,"","2026-01-17 07:20:12.566443+00",1,"2026-01-17 07:20:12.566443+00",1
175,1,89,77,"1900-01-01",NULL,"","2026-01-17 07:20:12.566443+00",1,"2026-01-17 07:20:12.566443+00",1
176,2,89,32,"1900-01-01",NULL,"","2026-01-17 07:20:12.566443+00",1,"2026-01-17 07:20:12.566443+00",1
177,1,91,33,"1900-01-01",NULL,"","2026-01-17 07:20:12.566443+00",1,"2026-01-17 07:20:12.566443+00",1
178,2,91,17,"1900-01-01",NULL,"","2026-01-17 07:20:12.566443+00",1,"2026-01-17 07:20:12.566443+00",1
179,1,93,83,"1900-01-01",NULL,"","2026-01-17 07:20:12.566443+00",1,"2026-01-17 07:20:12.566443+00",1
180,2,93,27,"1900-01-01",NULL,"","2026-01-17 07:20:12.566443+00",1,"2026-01-17 07:20:12.566443+00",1
181,1,95,53,"1900-01-01",NULL,"","2026-01-17 07:20:12.566443+00",1,"2026-01-17 07:20:12.566443+00",1
182,2,95,53,"1900-01-01",NULL,"","2026-01-17 07:20:12.566443+00",1,"2026-01-17 07:20:12.566443+00",1
183,1,96,40,"1900-01-01",NULL,"","2026-01-17 07:20:12.566443+00",1,"2026-01-17 07:20:12.566443+00",1
184,2,96,40,"1900-01-01",NULL,"","2026-01-17 07:20:12.566443+00",1,"2026-01-17 07:20:12.566443+00",1
185,1,97,40,"1900-01-01",NULL,"","2026-01-17 07:20:12.566443+00",1,"2026-01-17 07:20:12.566443+00",1
186,2,97,40,"1900-01-01",NULL,"","2026-01-17 07:20:12.566443+00",1,"2026-01-17 07:20:12.566443+00",1
187,1,98,40,"1900-01-01",NULL,"","2026-01-17 07:20:12.566443+00",1,"2026-01-17 07:20:12.566443+00",1
188,2,98,40,"1900-01-01",NULL,"","2026-01-17 07:20:12.566443+00",1,"2026-01-17 07:20:12.566443+00",1
189,1,99,53,"1900-01-01",NULL,"","2026-01-17 07:20:12.566443+00",1,"2026-01-17 07:20:12.566443+00",1
190,2,99,53,"1900-01-01",NULL,"","2026-01-17 07:20:12.566443+00",1,"2026-01-17 07:20:12.566443+00",1
191,1,100,85,"1900-01-01",NULL,"","2026-01-17 07:20:12.566443+00",1,"2026-01-17 07:20:12.566443+00",1
192,2,100,23,"1900-01-01",NULL,"","2026-01-17 07:20:12.566443+00",1,"2026-01-17 07:20:12.566443+00",1
193,1,101,50,"1900-01-01",NULL,"","2026-01-17 07:20:12.566443+00",1,"2026-01-17 07:20:12.566443+00",1
194,2,101,50,"1900-01-01",NULL,"","2026-01-17 07:20:12.566443+00",1,"2026-01-17 07:20:12.566443+00",1
195,1,102,50,"1900-01-01",NULL,"","2026-01-17 07:20:12.566443+00",1,"2026-01-17 07:20:12.566443+00",1
196,2,102,50,"1900-01-01",NULL,"","2026-01-17 07:20:12.566443+00",1,"2026-01-17 07:20:12.566443+00",1
197,1,103,50,"1900-01-01",NULL,"","2026-01-17 07:20:12.566443+00",1,"2026-01-17 07:20:12.566443+00",1
198,2,103,50,"1900-01-01",NULL,"","2026-01-17 07:20:12.566443+00",1,"2026-01-17 07:20:12.566443+00",1
199,1,104,43,"1900-01-01",NULL,"","2026-01-17 07:20:12.566443+00",1,"2026-01-17 07:20:12.566443+00",1
200,2,104,43,"1900-01-01",NULL,"","2026-01-17 07:20:12.566443+00",1,"2026-01-17 07:20:12.566443+00",1
201,1,106,81,"1900-01-01",NULL,"","2026-01-17 07:20:12.566443+00",1,"2026-01-17 07:20:12.566443+00",1
202,2,106,29,"1900-01-01",NULL,"","2026-01-17 07:20:12.566443+00",1,"2026-01-17 07:20:12.566443+00",1
203,1,107,34,"1900-01-01",NULL,"","2026-01-17 07:20:12.566443+00",1,"2026-01-17 07:20:12.566443+00",1
204,2,107,34,"1900-01-01",NULL,"","2026-01-17 07:20:12.566443+00",1,"2026-01-17 07:20:12.566443+00",1
205,1,108,83,"1900-01-01",NULL,"","2026-01-17 07:20:12.566443+00",1,"2026-01-17 07:20:12.566443+00",1
206,2,108,27,"1900-01-01",NULL,"","2026-01-17 07:20:12.566443+00",1,"2026-01-17 07:20:12.566443+00",1
207,1,110,13,"1900-01-01",NULL,"","2026-01-17 07:20:12.566443+00",1,"2026-01-17 07:20:12.566443+00",1
208,2,110,13,"1900-01-01",NULL,"","2026-01-17 07:20:12.566443+00",1,"2026-01-17 07:20:12.566443+00",1
209,1,112,77,"1900-01-01",NULL,"","2026-01-17 07:20:12.566443+00",1,"2026-01-17 07:20:12.566443+00",1
210,2,112,32,"1900-01-01",NULL,"","2026-01-17 07:20:12.566443+00",1,"2026-01-17 07:20:12.566443+00",1
211,1,113,83,"1900-01-01",NULL,"","2026-01-17 07:20:12.566443+00",1,"2026-01-17 07:20:12.566443+00",1
212,2,113,27,"1900-01-01",NULL,"","2026-01-17 07:20:12.566443+00",1,"2026-01-17 07:20:12.566443+00",1
213,1,114,3,"1900-01-01",NULL,"","2026-01-17 07:20:12.566443+00",1,"2026-01-17 07:20:12.566443+00",1
214,2,114,3,"1900-01-01",NULL,"","2026-01-17 07:20:12.566443+00",1,"2026-01-17 07:20:12.566443+00",1
215,1,115,7,"1900-01-01",NULL,"","2026-01-17 07:20:12.566443+00",1,"2026-01-17 07:20:12.566443+00",1
216,2,115,4,"1900-01-01",NULL,"","2026-01-17 07:20:12.566443+00",1,"2026-01-17 07:20:12.566443+00",1
217,1,116,7,"1900-01-01",NULL,"","2026-01-17 07:20:12.566443+00",1,"2026-01-17 07:20:12.566443+00",1
218,2,116,4,"1900-01-01",NULL,"","2026-01-17 07:20:12.566443+00",1,"2026-01-17 07:20:12.566443+00",1
219,1,117,7,"1900-01-01",NULL,"","2026-01-17 07:20:12.566443+00",1,"2026-01-17 07:20:12.566443+00",1
220,2,117,4,"1900-01-01",NULL,"","2026-01-17 07:20:12.566443+00",1,"2026-01-17 07:20:12.566443+00",1
221,1,118,7,"1900-01-01",NULL,"","2026-01-17 07:20:12.566443+00",1,"2026-01-17 07:20:12.566443+00",1
222,2,118,4,"1900-01-01",NULL,"","2026-01-17 07:20:12.566443+00",1,"2026-01-17 07:20:12.566443+00",1
223,1,119,7,"1900-01-01",NULL,"","2026-01-17 07:20:12.566443+00",1,"2026-01-17 07:20:12.566443+00",1
224,2,119,4,"1900-01-01",NULL,"","2026-01-17 07:20:12.566443+00",1,"2026-01-17 07:20:12.566443+00",1
225,1,120,83,"1900-01-01",NULL,"","2026-01-17 07:20:12.566443+00",1,"2026-01-17 07:20:12.566443+00",1
226,2,120,27,"1900-01-01",NULL,"","2026-01-17 07:20:12.566443+00",1,"2026-01-17 07:20:12.566443+00",1
227,1,121,7,"1900-01-01",NULL,"","2026-01-17 07:20:12.566443+00",1,"2026-01-17 07:20:12.566443+00",1
228,2,121,4,"1900-01-01",NULL,"","2026-01-17 07:20:12.566443+00",1,"2026-01-17 07:20:12.566443+00",1
229,1,122,76,"1900-01-01",NULL,"","2026-01-17 07:20:12.566443+00",1,"2026-01-17 07:20:12.566443+00",1
230,2,122,3,"1900-01-01",NULL,"","2026-01-17 07:20:12.566443+00",1,"2026-01-17 07:20:12.566443+00",1
231,1,123,83,"1900-01-01",NULL,"","2026-01-17 07:20:12.566443+00",1,"2026-01-17 07:20:12.566443+00",1
232,2,123,27,"1900-01-01",NULL,"","2026-01-17 07:20:12.566443+00",1,"2026-01-17 07:20:12.566443+00",1
233,1,124,7,"1900-01-01",NULL,"","2026-01-17 07:20:12.566443+00",1,"2026-01-17 07:20:12.566443+00",1
234,2,124,4,"1900-01-01",NULL,"","2026-01-17 07:20:12.566443+00",1,"2026-01-17 07:20:12.566443+00",1
235,1,125,7,"1900-01-01",NULL,"","2026-01-17 07:20:12.566443+00",1,"2026-01-17 07:20:12.566443+00",1
236,2,125,4,"1900-01-01",NULL,"","2026-01-17 07:20:12.566443+00",1,"2026-01-17 07:20:12.566443+00",1
237,1,126,76,"1900-01-01",NULL,"","2026-01-17 07:20:12.566443+00",1,"2026-01-17 07:20:12.566443+00",1
238,2,126,3,"1900-01-01",NULL,"","2026-01-17 07:20:12.566443+00",1,"2026-01-17 07:20:12.566443+00",1
239,1,128,42,"1900-01-01",NULL,"","2026-01-17 07:20:12.566443+00",1,"2026-01-17 07:20:12.566443+00",1
240,2,128,42,"1900-01-01",NULL,"","2026-01-17 07:20:12.566443+00",1,"2026-01-17 07:20:12.566443+00",1
241,1,129,11,"1900-01-01",NULL,"","2026-01-17 07:20:12.566443+00",1,"2026-01-17 07:20:12.566443+00",1
242,2,129,11,"1900-01-01",NULL,"","2026-01-17 07:20:12.566443+00",1,"2026-01-17 07:20:12.566443+00",1
243,1,130,84,"1900-01-01",NULL,"","2026-01-17 07:20:12.566443+00",1,"2026-01-17 07:20:12.566443+00",1
244,2,130,30,"1900-01-01",NULL,"","2026-01-17 07:20:12.566443+00",1,"2026-01-17 07:20:12.566443+00",1
245,1,131,47,"1900-01-01",NULL,"","2026-01-17 07:20:12.566443+00",1,"2026-01-17 07:20:12.566443+00",1
246,2,131,47,"1900-01-01",NULL,"","2026-01-17 07:20:12.566443+00",1,"2026-01-17 07:20:12.566443+00",1
247,1,132,40,"1900-01-01",NULL,"","2026-01-17 07:20:12.566443+00",1,"2026-01-17 07:20:12.566443+00",1
248,2,132,40,"1900-01-01",NULL,"","2026-01-17 07:20:12.566443+00",1,"2026-01-17 07:20:12.566443+00",1
249,1,133,54,"1900-01-01",NULL,"","2026-01-17 07:20:12.566443+00",1,"2026-01-17 07:20:12.566443+00",1
250,2,133,54,"1900-01-01",NULL,"","2026-01-17 07:20:12.566443+00",1,"2026-01-17 07:20:12.566443+00",1
251,1,134,76,"1900-01-01",NULL,"","2026-01-17 07:20:12.566443+00",1,"2026-01-17 07:20:12.566443+00",1
252,2,134,3,"1900-01-01",NULL,"","2026-01-17 07:20:12.566443+00",1,"2026-01-17 07:20:12.566443+00",1
253,1,135,33,"1900-01-01",NULL,"","2026-01-17 07:20:12.566443+00",1,"2026-01-17 07:20:12.566443+00",1
254,2,135,17,"1900-01-01",NULL,"","2026-01-17 07:20:12.566443+00",1,"2026-01-17 07:20:12.566443+00",1
255,1,136,11,"1900-01-01",NULL,"","2026-01-17 07:20:12.566443+00",1,"2026-01-17 07:20:12.566443+00",1
256,2,136,11,"1900-01-01",NULL,"","2026-01-17 07:20:12.566443+00",1,"2026-01-17 07:20:12.566443+00",1
257,1,137,11,"1900-01-01",NULL,"","2026-01-17 07:20:12.566443+00",1,"2026-01-17 07:20:12.566443+00",1
258,2,137,11,"1900-01-01",NULL,"","2026-01-17 07:20:12.566443+00",1,"2026-01-17 07:20:12.566443+00",1
259,1,138,3,"1900-01-01",NULL,"","2026-01-17 07:20:12.566443+00",1,"2026-01-17 07:20:12.566443+00",1
260,2,138,3,"1900-01-01",NULL,"","2026-01-17 07:20:12.566443+00",1,"2026-01-17 07:20:12.566443+00",1
261,1,139,76,"1900-01-01",NULL,"","2026-01-17 07:20:12.566443+00",1,"2026-01-17 07:20:12.566443+00",1
262,2,139,3,"1900-01-01",NULL,"","2026-01-17 07:20:12.566443+00",1,"2026-01-17 07:20:12.566443+00",1
263,1,141,76,"1900-01-01",NULL,"","2026-01-17 07:20:12.566443+00",1,"2026-01-17 07:20:12.566443+00",1
264,2,141,3,"1900-01-01",NULL,"","2026-01-17 07:20:12.566443+00",1,"2026-01-17 07:20:12.566443+00",1
265,1,143,76,"1900-01-01",NULL,"","2026-01-17 07:20:12.566443+00",1,"2026-01-17 07:20:12.566443+00",1
266,2,143,3,"1900-01-01",NULL,"","2026-01-17 07:20:12.566443+00",1,"2026-01-17 07:20:12.566443+00",1
267,1,144,33,"1900-01-01",NULL,"","2026-01-17 07:20:12.566443+00",1,"2026-01-17 07:20:12.566443+00",1
268,2,144,17,"1900-01-01",NULL,"","2026-01-17 07:20:12.566443+00",1,"2026-01-17 07:20:12.566443+00",1
269,1,145,51,"1900-01-01",NULL,"","2026-01-17 07:20:12.566443+00",1,"2026-01-17 07:20:12.566443+00",1
270,2,145,15,"1900-01-01",NULL,"","2026-01-17 07:20:12.566443+00",1,"2026-01-17 07:20:12.566443+00",1
271,1,140,76,"1900-01-01",NULL,"","2026-01-17 07:30:07.845556+00",2,"2026-01-17 07:45:12+00",2
272,2,140,3,"1900-01-01",NULL,"","2026-01-17 07:30:28.826988+00",2,"2026-01-17 07:45:35+00",2
273,2,127,3,"1900-01-01",NULL,"","2026-01-17 07:37:00.983384+00",2,"2026-01-17 07:43:27+00",2
274,1,127,76,"1900-01-01",NULL,"","2026-01-17 07:37:21.016777+00",2,"2026-01-17 07:42:57+00",2
275,1,142,76,"1900-01-01",NULL,"","2026-01-17 08:04:02.955005+00",2,"2026-01-17 08:04:03+00",2
276,2,142,3,"1900-01-01",NULL,"","2026-01-17 08:04:35.679902+00",2,"2026-01-17 08:04:35+00",2
277,1,105,76,"1900-01-01",NULL,"","2026-01-17 08:12:30.821868+00",2,"2026-01-17 08:12:30+00",2
278,2,105,3,"1900-01-01",NULL,"","2026-01-17 08:12:53.988909+00",2,"2026-01-17 08:12:54+00",2
