"id","from_person_id","to_person_id","note","created_at","created_by","updated_at","updated_by"
1,76,3,"","2026-01-10 03:03:13.844761+00",1,"2026-01-10 03:03:13.844761+00",1
2,82,23,"","2026-01-10 03:03:13.844761+00",1,"2026-01-10 03:03:13.844761+00",1
3,85,23,"","2026-01-10 03:03:13.844761+00",1,"2026-01-10 03:03:13.844761+00",1
4,77,32,"","2026-01-10 03:03:13.844761+00",1,"2026-01-10 03:03:13.844761+00",1
5,78,86,"","2026-01-10 03:03:13.844761+00",1,"2026-01-10 05:53:05+00",2
6,86,41,"","2026-01-10 03:03:13.844761+00",1,"2026-01-10 03:03:13.844761+00",1
7,79,31,"","2026-01-10 03:03:13.844761+00",1,"2026-01-10 03:03:13.844761+00",1
8,80,79,"","2026-01-10 03:03:13.844761+00",1,"2026-01-10 05:37:43+00",2
9,81,29,"","2026-01-10 03:03:13.844761+00",1,"2026-01-10 03:03:13.844761+00",1
10,83,27,"","2026-01-10 03:03:13.844761+00",1,"2026-01-10 03:03:13.844761+00",1
11,84,30,"","2026-01-10 03:03:13.844761+00",1,"2026-01-10 03:03:13.844761+00",1
12,64,14,"","2026-01-10 03:03:13.844761+00",1,"2026-01-10 03:03:13.844761+00",1
13,10,62,"","2026-01-10 03:03:13.844761+00",1,"2026-01-10 03:03:13.844761+00",1
14,1,2,"","2026-01-10 03:03:13.844761+00",1,"2026-01-10 03:03:13.844761+00",1
15,87,55,"","2026-01-10 03:03:13.844761+00",1,"2026-01-10 05:53:38+00",2
16,55,89,"","2026-01-10 03:03:13.844761+00",1,"2026-01-10 03:03:13.844761+00",1
17,88,57,"","2026-01-10 03:03:13.844761+00",1,"2026-01-10 03:03:13.844761+00",1
18,26,90,"","2026-01-10 03:03:13.844761+00",1,"2026-01-10 03:03:13.844761+00",1
